[
    {
        "model": "admin.logentry",
        "pk": 1,
        "fields": {
            "action_time": "2022-02-24T19:33:42.500Z",
            "user": 1,
            "content_type": 4,
            "object_id": "1",
            "object_repr": "elias",
            "action_flag": 2,
            "change_message": "[{\"changed\": {\"fields\": [\"First name\", \"Last name\"]}}]"
        }
    },
    {
        "model": "admin.logentry",
        "pk": 2,
        "fields": {
            "action_time": "2022-02-24T19:34:23.523Z",
            "user": 1,
            "content_type": 4,
            "object_id": "2",
            "object_repr": "jdoe",
            "action_flag": 1,
            "change_message": "[{\"added\": {}}]"
        }
    },
    {
        "model": "admin.logentry",
        "pk": 3,
        "fields": {
            "action_time": "2022-02-24T19:34:29.604Z",
            "user": 1,
            "content_type": 4,
            "object_id": "2",
            "object_repr": "jdoe",
            "action_flag": 2,
            "change_message": "[]"
        }
    },
    {
        "model": "admin.logentry",
        "pk": 4,
        "fields": {
            "action_time": "2022-02-24T20:08:02.895Z",
            "user": 1,
            "content_type": 7,
            "object_id": "1a6ef2f1-25ac-4ef6-801f-803959d5e0f9",
            "object_repr": "Ecommerce Website",
            "action_flag": 1,
            "change_message": "[{\"added\": {}}]"
        }
    },
    {
        "model": "admin.logentry",
        "pk": 5,
        "fields": {
            "action_time": "2022-02-24T20:08:09.431Z",
            "user": 1,
            "content_type": 7,
            "object_id": "ab9fa9b3-343b-48f6-ae60-71f516810e78",
            "object_repr": "Portfolio",
            "action_flag": 1,
            "change_message": "[{\"added\": {}}]"
        }
    },
    {
        "model": "admin.logentry",
        "pk": 6,
        "fields": {
            "action_time": "2022-02-24T20:08:17.960Z",
            "user": 1,
            "content_type": 7,
            "object_id": "ab9fa9b3-343b-48f6-ae60-71f516810e78",
            "object_repr": "Portfolio Website",
            "action_flag": 2,
            "change_message": "[{\"changed\": {\"fields\": [\"Title\"]}}]"
        }
    },
    {
        "model": "admin.logentry",
        "pk": 7,
        "fields": {
            "action_time": "2022-02-24T20:08:26.659Z",
            "user": 1,
            "content_type": 7,
            "object_id": "a32be469-c5d7-461d-9c14-f23846f2f616",
            "object_repr": "Mamble Social Network",
            "action_flag": 1,
            "change_message": "[{\"added\": {}}]"
        }
    },
    {
        "model": "admin.logentry",
        "pk": 8,
        "fields": {
            "action_time": "2022-02-24T21:52:59.034Z",
            "user": 1,
            "content_type": 7,
            "object_id": "a32be469-c5d7-461d-9c14-f23846f2f616",
            "object_repr": "Mumble Social Network",
            "action_flag": 2,
            "change_message": "[{\"changed\": {\"fields\": [\"Title\"]}}]"
        }
    },
    {
        "model": "admin.logentry",
        "pk": 9,
        "fields": {
            "action_time": "2022-02-24T22:11:20.952Z",
            "user": 1,
            "content_type": 8,
            "object_id": "d6e3a8d9-98af-4b7b-979e-dc506b71e1a5",
            "object_repr": "React",
            "action_flag": 1,
            "change_message": "[{\"added\": {}}]"
        }
    },
    {
        "model": "admin.logentry",
        "pk": 10,
        "fields": {
            "action_time": "2022-02-24T22:11:24.320Z",
            "user": 1,
            "content_type": 8,
            "object_id": "c4d61b9a-66c4-430b-aab2-cef4cb79bdc0",
            "object_repr": "Django",
            "action_flag": 1,
            "change_message": "[{\"added\": {}}]"
        }
    },
    {
        "model": "admin.logentry",
        "pk": 11,
        "fields": {
            "action_time": "2022-02-24T22:11:28.337Z",
            "user": 1,
            "content_type": 8,
            "object_id": "aba4c4da-26ab-4cee-9b88-65bfad7e100d",
            "object_repr": "Python",
            "action_flag": 1,
            "change_message": "[{\"added\": {}}]"
        }
    },
    {
        "model": "admin.logentry",
        "pk": 12,
        "fields": {
            "action_time": "2022-02-24T22:11:33.586Z",
            "user": 1,
            "content_type": 8,
            "object_id": "00cc98f3-6c0d-4b1c-9520-7d0003d0fb84",
            "object_repr": "JavaScript",
            "action_flag": 1,
            "change_message": "[{\"added\": {}}]"
        }
    },
    {
        "model": "admin.logentry",
        "pk": 13,
        "fields": {
            "action_time": "2022-02-24T22:11:53.978Z",
            "user": 1,
            "content_type": 7,
            "object_id": "1a6ef2f1-25ac-4ef6-801f-803959d5e0f9",
            "object_repr": "Ecommerce Website",
            "action_flag": 2,
            "change_message": "[{\"changed\": {\"fields\": [\"Tags\"]}}]"
        }
    },
    {
        "model": "admin.logentry",
        "pk": 14,
        "fields": {
            "action_time": "2022-02-24T22:12:41.991Z",
            "user": 1,
            "content_type": 9,
            "object_id": "7aaa78a5-8b11-4693-910c-24507863c82f",
            "object_repr": "7aaa78a5-8b11-4693-910c-24507863c82f",
            "action_flag": 1,
            "change_message": "[{\"added\": {}}]"
        }
    },
    {
        "model": "admin.logentry",
        "pk": 15,
        "fields": {
            "action_time": "2022-02-24T22:14:57.535Z",
            "user": 1,
            "content_type": 7,
            "object_id": "a32be469-c5d7-461d-9c14-f23846f2f616",
            "object_repr": "Mumble Social Network",
            "action_flag": 2,
            "change_message": "[{\"changed\": {\"fields\": [\"Tags\"]}}]"
        }
    },
    {
        "model": "admin.logentry",
        "pk": 16,
        "fields": {
            "action_time": "2022-02-24T22:15:06.495Z",
            "user": 1,
            "content_type": 7,
            "object_id": "ab9fa9b3-343b-48f6-ae60-71f516810e78",
            "object_repr": "Portfolio Website",
            "action_flag": 2,
            "change_message": "[{\"changed\": {\"fields\": [\"Tags\"]}}]"
        }
    },
    {
        "model": "admin.logentry",
        "pk": 17,
        "fields": {
            "action_time": "2022-02-24T22:16:13.424Z",
            "user": 1,
            "content_type": 7,
            "object_id": "323ad1fa-0463-4923-aa33-050cc219a9fc",
            "object_repr": "Code Sniper",
            "action_flag": 1,
            "change_message": "[{\"added\": {}}]"
        }
    },
    {
        "model": "admin.logentry",
        "pk": 18,
        "fields": {
            "action_time": "2022-02-24T22:16:29.127Z",
            "user": 1,
            "content_type": 7,
            "object_id": "b08f51d4-26c4-47e3-81d3-7e07b5696382",
            "object_repr": "Yoga Fire",
            "action_flag": 1,
            "change_message": "[{\"added\": {}}]"
        }
    },
    {
        "model": "admin.logentry",
        "pk": 19,
        "fields": {
            "action_time": "2022-02-24T22:16:40.042Z",
            "user": 1,
            "content_type": 7,
            "object_id": "1a6ef2f1-25ac-4ef6-801f-803959d5e0f9",
            "object_repr": "Ecommerce Website",
            "action_flag": 2,
            "change_message": "[{\"changed\": {\"fields\": [\"Vote total\", \"Vote ratio\"]}}]"
        }
    },
    {
        "model": "admin.logentry",
        "pk": 20,
        "fields": {
            "action_time": "2022-02-24T22:16:48.870Z",
            "user": 1,
            "content_type": 7,
            "object_id": "ab9fa9b3-343b-48f6-ae60-71f516810e78",
            "object_repr": "Portfolio Website",
            "action_flag": 2,
            "change_message": "[{\"changed\": {\"fields\": [\"Vote total\", \"Vote ratio\"]}}]"
        }
    },
    {
        "model": "admin.logentry",
        "pk": 21,
        "fields": {
            "action_time": "2022-02-24T22:16:58.307Z",
            "user": 1,
            "content_type": 7,
            "object_id": "a32be469-c5d7-461d-9c14-f23846f2f616",
            "object_repr": "Mumble Social Network",
            "action_flag": 2,
            "change_message": "[{\"changed\": {\"fields\": [\"Vote total\", \"Vote ratio\"]}}]"
        }
    },
    {
        "model": "admin.logentry",
        "pk": 22,
        "fields": {
            "action_time": "2022-02-24T22:56:56.992Z",
            "user": 1,
            "content_type": 9,
            "object_id": "ca35c340-e484-448f-a9c8-901bfa0e1fba",
            "object_repr": "Ecommerce Website - up",
            "action_flag": 1,
            "change_message": "[{\"added\": {}}]"
        }
    },
    {
        "model": "admin.logentry",
        "pk": 23,
        "fields": {
            "action_time": "2022-02-24T22:57:05.221Z",
            "user": 1,
            "content_type": 9,
            "object_id": "e9a4af98-d344-4a95-a3f4-90d1b512e092",
            "object_repr": "Ecommerce Website - down",
            "action_flag": 1,
            "change_message": "[{\"added\": {}}]"
        }
    },
    {
        "model": "admin.logentry",
        "pk": 24,
        "fields": {
            "action_time": "2022-02-24T23:50:07.003Z",
            "user": 1,
            "content_type": 7,
            "object_id": "1a6ef2f1-25ac-4ef6-801f-803959d5e0f9",
            "object_repr": "Ecommerce Website",
            "action_flag": 2,
            "change_message": "[{\"changed\": {\"fields\": [\"Description\"]}}]"
        }
    },
    {
        "model": "admin.logentry",
        "pk": 25,
        "fields": {
            "action_time": "2022-02-24T23:50:25.362Z",
            "user": 1,
            "content_type": 7,
            "object_id": "b08f51d4-26c4-47e3-81d3-7e07b5696382",
            "object_repr": "Yoga Fire",
            "action_flag": 2,
            "change_message": "[{\"changed\": {\"fields\": [\"Description\"]}}]"
        }
    },
    {
        "model": "admin.logentry",
        "pk": 26,
        "fields": {
            "action_time": "2022-02-24T23:50:30.940Z",
            "user": 1,
            "content_type": 7,
            "object_id": "ab9fa9b3-343b-48f6-ae60-71f516810e78",
            "object_repr": "Portfolio Website",
            "action_flag": 2,
            "change_message": "[{\"changed\": {\"fields\": [\"Description\"]}}]"
        }
    },
    {
        "model": "admin.logentry",
        "pk": 27,
        "fields": {
            "action_time": "2022-02-24T23:50:37.532Z",
            "user": 1,
            "content_type": 7,
            "object_id": "a32be469-c5d7-461d-9c14-f23846f2f616",
            "object_repr": "Mumble Social Network",
            "action_flag": 2,
            "change_message": "[{\"changed\": {\"fields\": [\"Description\"]}}]"
        }
    },
    {
        "model": "admin.logentry",
        "pk": 28,
        "fields": {
            "action_time": "2022-02-24T23:50:43.789Z",
            "user": 1,
            "content_type": 7,
            "object_id": "323ad1fa-0463-4923-aa33-050cc219a9fc",
            "object_repr": "Code Sniper",
            "action_flag": 2,
            "change_message": "[{\"changed\": {\"fields\": [\"Description\"]}}]"
        }
    },
    {
        "model": "admin.logentry",
        "pk": 29,
        "fields": {
            "action_time": "2022-02-25T19:21:17.859Z",
            "user": 1,
            "content_type": 7,
            "object_id": "1a6ef2f1-25ac-4ef6-801f-803959d5e0f9",
            "object_repr": "Ecommerce Website",
            "action_flag": 2,
            "change_message": "[{\"changed\": {\"fields\": [\"Featured image\"]}}]"
        }
    },
    {
        "model": "admin.logentry",
        "pk": 30,
        "fields": {
            "action_time": "2022-02-25T19:25:51.175Z",
            "user": 1,
            "content_type": 7,
            "object_id": "1a6ef2f1-25ac-4ef6-801f-803959d5e0f9",
            "object_repr": "Ecommerce Website",
            "action_flag": 2,
            "change_message": "[{\"changed\": {\"fields\": [\"Featured image\"]}}]"
        }
    },
    {
        "model": "admin.logentry",
        "pk": 31,
        "fields": {
            "action_time": "2022-02-25T19:26:07.489Z",
            "user": 1,
            "content_type": 7,
            "object_id": "1a6ef2f1-25ac-4ef6-801f-803959d5e0f9",
            "object_repr": "Ecommerce Website",
            "action_flag": 2,
            "change_message": "[{\"changed\": {\"fields\": [\"Featured image\"]}}]"
        }
    },
    {
        "model": "admin.logentry",
        "pk": 32,
        "fields": {
            "action_time": "2022-02-25T22:21:45.556Z",
            "user": 1,
            "content_type": 7,
            "object_id": "b7dd89bb-831f-4ff4-84b6-8c7ce4adb0ec",
            "object_repr": "Jazz Central",
            "action_flag": 2,
            "change_message": "[{\"changed\": {\"fields\": [\"Vote total\", \"Vote ratio\"]}}]"
        }
    },
    {
        "model": "admin.logentry",
        "pk": 33,
        "fields": {
            "action_time": "2022-02-25T23:02:24.831Z",
            "user": 1,
            "content_type": 7,
            "object_id": "b7dd89bb-831f-4ff4-84b6-8c7ce4adb0ec",
            "object_repr": "Jazz Central",
            "action_flag": 2,
            "change_message": "[{\"changed\": {\"fields\": [\"Tags\"]}}]"
        }
    },
    {
        "model": "admin.logentry",
        "pk": 34,
        "fields": {
            "action_time": "2022-02-25T23:02:48.494Z",
            "user": 1,
            "content_type": 7,
            "object_id": "b7dd89bb-831f-4ff4-84b6-8c7ce4adb0ec",
            "object_repr": "Jazz Central",
            "action_flag": 2,
            "change_message": "[{\"changed\": {\"fields\": [\"Description\"]}}]"
        }
    },
    {
        "model": "admin.logentry",
        "pk": 35,
        "fields": {
            "action_time": "2022-02-25T23:04:47.384Z",
            "user": 1,
            "content_type": 7,
            "object_id": "b7dd89bb-831f-4ff4-84b6-8c7ce4adb0ec",
            "object_repr": "Jazz Central",
            "action_flag": 2,
            "change_message": "[{\"changed\": {\"fields\": [\"Source link\"]}}]"
        }
    },
    {
        "model": "admin.logentry",
        "pk": 36,
        "fields": {
            "action_time": "2022-02-25T23:07:21.612Z",
            "user": 1,
            "content_type": 7,
            "object_id": "a32be469-c5d7-461d-9c14-f23846f2f616",
            "object_repr": "Mumble Social Network",
            "action_flag": 2,
            "change_message": "[{\"changed\": {\"fields\": [\"Demo link\"]}}]"
        }
    },
    {
        "model": "admin.logentry",
        "pk": 37,
        "fields": {
            "action_time": "2022-02-25T23:07:42.583Z",
            "user": 1,
            "content_type": 7,
            "object_id": "b7dd89bb-831f-4ff4-84b6-8c7ce4adb0ec",
            "object_repr": "Jazz Central",
            "action_flag": 2,
            "change_message": "[{\"changed\": {\"fields\": [\"Demo link\"]}}]"
        }
    },
    {
        "model": "admin.logentry",
        "pk": 38,
        "fields": {
            "action_time": "2022-02-28T21:45:05.335Z",
            "user": 1,
            "content_type": 10,
            "object_id": "7642fcf8-6110-4e4f-8724-ec35bf7499a0",
            "object_repr": "jdoe",
            "action_flag": 1,
            "change_message": "[{\"added\": {}}]"
        }
    },
    {
        "model": "admin.logentry",
        "pk": 39,
        "fields": {
            "action_time": "2022-02-28T21:47:46.724Z",
            "user": 1,
            "content_type": 10,
            "object_id": "7642fcf8-6110-4e4f-8724-ec35bf7499a0",
            "object_repr": "jdoe",
            "action_flag": 2,
            "change_message": "[{\"changed\": {\"fields\": [\"Bio\", \"Social website\"]}}]"
        }
    },
    {
        "model": "admin.logentry",
        "pk": 40,
        "fields": {
            "action_time": "2022-02-28T22:00:04.602Z",
            "user": 1,
            "content_type": 7,
            "object_id": "7f1172dc-670c-461a-b87d-146ccaa11ca4",
            "object_repr": "Unicorfee",
            "action_flag": 2,
            "change_message": "[{\"changed\": {\"fields\": [\"Owner\"]}}]"
        }
    },
    {
        "model": "admin.logentry",
        "pk": 41,
        "fields": {
            "action_time": "2022-02-28T22:02:02.052Z",
            "user": 1,
            "content_type": 10,
            "object_id": "b2b75a1e-cc45-43dd-86e1-705ffecfcf68",
            "object_repr": "elias",
            "action_flag": 1,
            "change_message": "[{\"added\": {}}]"
        }
    },
    {
        "model": "admin.logentry",
        "pk": 42,
        "fields": {
            "action_time": "2022-02-28T22:03:54.090Z",
            "user": 1,
            "content_type": 7,
            "object_id": "1a6ef2f1-25ac-4ef6-801f-803959d5e0f9",
            "object_repr": "Ecommerce Website",
            "action_flag": 2,
            "change_message": "[{\"changed\": {\"fields\": [\"Owner\"]}}]"
        }
    },
    {
        "model": "admin.logentry",
        "pk": 43,
        "fields": {
            "action_time": "2022-02-28T22:05:31.329Z",
            "user": 1,
            "content_type": 7,
            "object_id": "b7dd89bb-831f-4ff4-84b6-8c7ce4adb0ec",
            "object_repr": "Jazz Central",
            "action_flag": 2,
            "change_message": "[{\"changed\": {\"fields\": [\"Owner\"]}}]"
        }
    },
    {
        "model": "admin.logentry",
        "pk": 44,
        "fields": {
            "action_time": "2022-02-28T22:05:35.711Z",
            "user": 1,
            "content_type": 7,
            "object_id": "b08f51d4-26c4-47e3-81d3-7e07b5696382",
            "object_repr": "Yoga Fire",
            "action_flag": 2,
            "change_message": "[{\"changed\": {\"fields\": [\"Owner\"]}}]"
        }
    },
    {
        "model": "admin.logentry",
        "pk": 45,
        "fields": {
            "action_time": "2022-02-28T22:05:40.732Z",
            "user": 1,
            "content_type": 7,
            "object_id": "323ad1fa-0463-4923-aa33-050cc219a9fc",
            "object_repr": "Code Sniper",
            "action_flag": 2,
            "change_message": "[{\"changed\": {\"fields\": [\"Owner\"]}}]"
        }
    },
    {
        "model": "admin.logentry",
        "pk": 46,
        "fields": {
            "action_time": "2022-02-28T22:05:46.377Z",
            "user": 1,
            "content_type": 7,
            "object_id": "a32be469-c5d7-461d-9c14-f23846f2f616",
            "object_repr": "Mumble Social Network",
            "action_flag": 2,
            "change_message": "[{\"changed\": {\"fields\": [\"Owner\"]}}]"
        }
    },
    {
        "model": "admin.logentry",
        "pk": 47,
        "fields": {
            "action_time": "2022-02-28T22:05:51.232Z",
            "user": 1,
            "content_type": 7,
            "object_id": "ab9fa9b3-343b-48f6-ae60-71f516810e78",
            "object_repr": "Portfolio Website",
            "action_flag": 2,
            "change_message": "[{\"changed\": {\"fields\": [\"Owner\"]}}]"
        }
    },
    {
        "model": "admin.logentry",
        "pk": 48,
        "fields": {
            "action_time": "2022-02-28T22:38:16.040Z",
            "user": 1,
            "content_type": 10,
            "object_id": "7642fcf8-6110-4e4f-8724-ec35bf7499a0",
            "object_repr": "jdoe",
            "action_flag": 2,
            "change_message": "[{\"changed\": {\"fields\": [\"Bio\"]}}]"
        }
    },
    {
        "model": "admin.logentry",
        "pk": 49,
        "fields": {
            "action_time": "2022-02-28T22:55:20.119Z",
            "user": 1,
            "content_type": 11,
            "object_id": "6ab61459-d643-413a-aa96-bb250bfaf49d",
            "object_repr": "JavaScript",
            "action_flag": 1,
            "change_message": "[{\"added\": {}}]"
        }
    },
    {
        "model": "admin.logentry",
        "pk": 50,
        "fields": {
            "action_time": "2022-02-28T22:55:42.284Z",
            "user": 1,
            "content_type": 11,
            "object_id": "552bd330-e968-440b-9555-e56d1a4229eb",
            "object_repr": "Django",
            "action_flag": 1,
            "change_message": "[{\"added\": {}}]"
        }
    },
    {
        "model": "admin.logentry",
        "pk": 51,
        "fields": {
            "action_time": "2022-02-28T22:55:47.435Z",
            "user": 1,
            "content_type": 11,
            "object_id": "f3bbd9f2-804c-41f1-97c4-69c4e36a22e3",
            "object_repr": "React",
            "action_flag": 1,
            "change_message": "[{\"added\": {}}]"
        }
    },
    {
        "model": "admin.logentry",
        "pk": 52,
        "fields": {
            "action_time": "2022-02-28T22:55:55.929Z",
            "user": 1,
            "content_type": 11,
            "object_id": "c04b16bc-1632-47a9-a451-9b0c0274445d",
            "object_repr": "Web design",
            "action_flag": 1,
            "change_message": "[{\"added\": {}}]"
        }
    },
    {
        "model": "admin.logentry",
        "pk": 53,
        "fields": {
            "action_time": "2022-02-28T22:59:15.077Z",
            "user": 1,
            "content_type": 11,
            "object_id": "1502f27f-8172-49a3-a542-03b1d564c092",
            "object_repr": "UI",
            "action_flag": 1,
            "change_message": "[{\"added\": {}}]"
        }
    },
    {
        "model": "admin.logentry",
        "pk": 54,
        "fields": {
            "action_time": "2022-02-28T22:59:46.009Z",
            "user": 1,
            "content_type": 10,
            "object_id": "b2b75a1e-cc45-43dd-86e1-705ffecfcf68",
            "object_repr": "elias",
            "action_flag": 2,
            "change_message": "[{\"changed\": {\"fields\": [\"Short intro\"]}}]"
        }
    },
    {
        "model": "admin.logentry",
        "pk": 55,
        "fields": {
            "action_time": "2022-02-28T23:00:48.140Z",
            "user": 1,
            "content_type": 10,
            "object_id": "7642fcf8-6110-4e4f-8724-ec35bf7499a0",
            "object_repr": "jdoe",
            "action_flag": 2,
            "change_message": "[{\"changed\": {\"fields\": [\"Profile image\"]}}]"
        }
    },
    {
        "model": "admin.logentry",
        "pk": 56,
        "fields": {
            "action_time": "2022-02-28T23:01:22.919Z",
            "user": 1,
            "content_type": 11,
            "object_id": "7c625483-e217-47c2-80ac-aac60bd8df3f",
            "object_repr": "Python",
            "action_flag": 1,
            "change_message": "[{\"added\": {}}]"
        }
    },
    {
        "model": "admin.logentry",
        "pk": 57,
        "fields": {
            "action_time": "2022-02-28T23:02:23.422Z",
            "user": 1,
            "content_type": 10,
            "object_id": "7642fcf8-6110-4e4f-8724-ec35bf7499a0",
            "object_repr": "jdoe",
            "action_flag": 2,
            "change_message": "[{\"changed\": {\"fields\": [\"Username\", \"Location\"]}}]"
        }
    },
    {
        "model": "admin.logentry",
        "pk": 58,
        "fields": {
            "action_time": "2022-02-28T23:02:32.213Z",
            "user": 1,
            "content_type": 10,
            "object_id": "7642fcf8-6110-4e4f-8724-ec35bf7499a0",
            "object_repr": "jdoe",
            "action_flag": 2,
            "change_message": "[{\"changed\": {\"fields\": [\"Location\"]}}]"
        }
    },
    {
        "model": "admin.logentry",
        "pk": 59,
        "fields": {
            "action_time": "2022-02-28T23:02:39.859Z",
            "user": 1,
            "content_type": 10,
            "object_id": "b2b75a1e-cc45-43dd-86e1-705ffecfcf68",
            "object_repr": "elias",
            "action_flag": 2,
            "change_message": "[{\"changed\": {\"fields\": [\"Username\", \"Location\"]}}]"
        }
    },
    {
        "model": "admin.logentry",
        "pk": 60,
        "fields": {
            "action_time": "2022-02-28T23:37:06.293Z",
            "user": 1,
            "content_type": 10,
            "object_id": "b2b75a1e-cc45-43dd-86e1-705ffecfcf68",
            "object_repr": "elias",
            "action_flag": 2,
            "change_message": "[{\"changed\": {\"fields\": [\"Social github\"]}}]"
        }
    },
    {
        "model": "admin.logentry",
        "pk": 61,
        "fields": {
            "action_time": "2022-02-28T23:40:12.631Z",
            "user": 1,
            "content_type": 10,
            "object_id": "7642fcf8-6110-4e4f-8724-ec35bf7499a0",
            "object_repr": "jdoe",
            "action_flag": 2,
            "change_message": "[{\"changed\": {\"fields\": [\"Social stackoverflow\"]}}]"
        }
    },
    {
        "model": "admin.logentry",
        "pk": 62,
        "fields": {
            "action_time": "2022-02-28T23:44:27.637Z",
            "user": 1,
            "content_type": 10,
            "object_id": "7642fcf8-6110-4e4f-8724-ec35bf7499a0",
            "object_repr": "jdoe",
            "action_flag": 2,
            "change_message": "[{\"changed\": {\"fields\": [\"Social website\"]}}]"
        }
    },
    {
        "model": "admin.logentry",
        "pk": 63,
        "fields": {
            "action_time": "2022-02-28T23:49:45.892Z",
            "user": 1,
            "content_type": 10,
            "object_id": "7642fcf8-6110-4e4f-8724-ec35bf7499a0",
            "object_repr": "jdoe",
            "action_flag": 2,
            "change_message": "[{\"changed\": {\"fields\": [\"Social linkedin\"]}}]"
        }
    },
    {
        "model": "admin.logentry",
        "pk": 64,
        "fields": {
            "action_time": "2022-02-28T23:50:56.553Z",
            "user": 1,
            "content_type": 10,
            "object_id": "b2b75a1e-cc45-43dd-86e1-705ffecfcf68",
            "object_repr": "elias",
            "action_flag": 2,
            "change_message": "[{\"changed\": {\"fields\": [\"Social twitter\"]}}]"
        }
    },
    {
        "model": "admin.logentry",
        "pk": 65,
        "fields": {
            "action_time": "2022-02-28T23:57:19.302Z",
            "user": 1,
            "content_type": 11,
            "object_id": "b4545b4d-a9b7-4624-b700-ce96f6d669af",
            "object_repr": "Express",
            "action_flag": 1,
            "change_message": "[{\"added\": {}}]"
        }
    },
    {
        "model": "admin.logentry",
        "pk": 66,
        "fields": {
            "action_time": "2022-02-28T23:57:28.830Z",
            "user": 1,
            "content_type": 11,
            "object_id": "f3bbd9f2-804c-41f1-97c4-69c4e36a22e3",
            "object_repr": "React",
            "action_flag": 2,
            "change_message": "[{\"changed\": {\"fields\": [\"Description\"]}}]"
        }
    },
    {
        "model": "admin.logentry",
        "pk": 67,
        "fields": {
            "action_time": "2022-02-28T23:57:47.155Z",
            "user": 1,
            "content_type": 11,
            "object_id": "7c625483-e217-47c2-80ac-aac60bd8df3f",
            "object_repr": "Python",
            "action_flag": 2,
            "change_message": "[{\"changed\": {\"fields\": [\"Description\"]}}]"
        }
    },
    {
        "model": "admin.logentry",
        "pk": 68,
        "fields": {
            "action_time": "2022-02-28T23:57:56.702Z",
            "user": 1,
            "content_type": 11,
            "object_id": "552bd330-e968-440b-9555-e56d1a4229eb",
            "object_repr": "Django",
            "action_flag": 2,
            "change_message": "[{\"changed\": {\"fields\": [\"Description\"]}}]"
        }
    },
    {
        "model": "admin.logentry",
        "pk": 69,
        "fields": {
            "action_time": "2022-03-01T12:36:54.483Z",
            "user": 1,
            "content_type": 10,
            "object_id": "b2b75a1e-cc45-43dd-86e1-705ffecfcf68",
            "object_repr": "elias",
            "action_flag": 2,
            "change_message": "[{\"changed\": {\"fields\": [\"Bio\"]}}]"
        }
    },
    {
        "model": "admin.logentry",
        "pk": 70,
        "fields": {
            "action_time": "2022-03-01T12:39:29.963Z",
            "user": 1,
            "content_type": 11,
            "object_id": "defc9ae2-9d27-460d-9326-b57e5d7916ec",
            "object_repr": "NodeJS",
            "action_flag": 1,
            "change_message": "[{\"added\": {}}]"
        }
    },
    {
        "model": "admin.logentry",
        "pk": 71,
        "fields": {
            "action_time": "2022-03-01T13:11:08.767Z",
            "user": 1,
            "content_type": 10,
            "object_id": "7642fcf8-6110-4e4f-8724-ec35bf7499a0",
            "object_repr": "jdoe",
            "action_flag": 2,
            "change_message": "[]"
        }
    },
    {
        "model": "admin.logentry",
        "pk": 72,
        "fields": {
            "action_time": "2022-03-01T13:12:37.229Z",
            "user": 1,
            "content_type": 10,
            "object_id": "b2b75a1e-cc45-43dd-86e1-705ffecfcf68",
            "object_repr": "elias",
            "action_flag": 2,
            "change_message": "[]"
        }
    },
    {
        "model": "admin.logentry",
        "pk": 73,
        "fields": {
            "action_time": "2022-03-01T13:15:16.685Z",
            "user": 1,
            "content_type": 4,
            "object_id": "3",
            "object_repr": "steveo",
            "action_flag": 1,
            "change_message": "[{\"added\": {}}]"
        }
    },
    {
        "model": "admin.logentry",
        "pk": 74,
        "fields": {
            "action_time": "2022-03-01T13:15:26.553Z",
            "user": 1,
            "content_type": 4,
            "object_id": "3",
            "object_repr": "steveo",
            "action_flag": 2,
            "change_message": "[]"
        }
    },
    {
        "model": "admin.logentry",
        "pk": 75,
        "fields": {
            "action_time": "2022-03-01T13:15:42.281Z",
            "user": 1,
            "content_type": 10,
            "object_id": "e22bd6c7-15f7-4cef-8bd3-a69dbbdfac68",
            "object_repr": "steveo",
            "action_flag": 1,
            "change_message": "[{\"added\": {}}]"
        }
    },
    {
        "model": "admin.logentry",
        "pk": 76,
        "fields": {
            "action_time": "2022-03-01T13:18:03.260Z",
            "user": 1,
            "content_type": 10,
            "object_id": "e22bd6c7-15f7-4cef-8bd3-a69dbbdfac68",
            "object_repr": "steveo",
            "action_flag": 3,
            "change_message": ""
        }
    },
    {
        "model": "admin.logentry",
        "pk": 77,
        "fields": {
            "action_time": "2022-03-01T13:19:01.741Z",
            "user": 1,
            "content_type": 10,
            "object_id": "9c7258b4-348d-4fdf-b2b8-93fc130119e5",
            "object_repr": "steveo",
            "action_flag": 1,
            "change_message": "[{\"added\": {}}]"
        }
    },
    {
        "model": "admin.logentry",
        "pk": 78,
        "fields": {
            "action_time": "2022-03-01T13:19:32.471Z",
            "user": 1,
            "content_type": 10,
            "object_id": "9c7258b4-348d-4fdf-b2b8-93fc130119e5",
            "object_repr": "steveo",
            "action_flag": 3,
            "change_message": ""
        }
    },
    {
        "model": "admin.logentry",
        "pk": 79,
        "fields": {
            "action_time": "2022-03-01T13:23:11.705Z",
            "user": 1,
            "content_type": 10,
            "object_id": "7642fcf8-6110-4e4f-8724-ec35bf7499a0",
            "object_repr": "jdoe",
            "action_flag": 2,
            "change_message": "[]"
        }
    },
    {
        "model": "admin.logentry",
        "pk": 80,
        "fields": {
            "action_time": "2022-03-01T13:23:45.988Z",
            "user": 1,
            "content_type": 10,
            "object_id": "7642fcf8-6110-4e4f-8724-ec35bf7499a0",
            "object_repr": "jdoe",
            "action_flag": 2,
            "change_message": "[]"
        }
    },
    {
        "model": "admin.logentry",
        "pk": 81,
        "fields": {
            "action_time": "2022-03-01T13:24:31.050Z",
            "user": 1,
            "content_type": 10,
            "object_id": "7642fcf8-6110-4e4f-8724-ec35bf7499a0",
            "object_repr": "jdoe",
            "action_flag": 2,
            "change_message": "[]"
        }
    },
    {
        "model": "admin.logentry",
        "pk": 82,
        "fields": {
            "action_time": "2022-03-01T13:24:56.858Z",
            "user": 1,
            "content_type": 10,
            "object_id": "7642fcf8-6110-4e4f-8724-ec35bf7499a0",
            "object_repr": "jdoe",
            "action_flag": 2,
            "change_message": "[]"
        }
    },
    {
        "model": "admin.logentry",
        "pk": 83,
        "fields": {
            "action_time": "2022-03-01T13:28:48.166Z",
            "user": 1,
            "content_type": 10,
            "object_id": "7642fcf8-6110-4e4f-8724-ec35bf7499a0",
            "object_repr": "jdoe",
            "action_flag": 2,
            "change_message": "[]"
        }
    },
    {
        "model": "admin.logentry",
        "pk": 84,
        "fields": {
            "action_time": "2022-03-01T13:30:25.867Z",
            "user": 1,
            "content_type": 10,
            "object_id": "7642fcf8-6110-4e4f-8724-ec35bf7499a0",
            "object_repr": "jdoe",
            "action_flag": 2,
            "change_message": "[]"
        }
    },
    {
        "model": "admin.logentry",
        "pk": 85,
        "fields": {
            "action_time": "2022-03-01T13:31:09.834Z",
            "user": 1,
            "content_type": 10,
            "object_id": "7642fcf8-6110-4e4f-8724-ec35bf7499a0",
            "object_repr": "jdoe",
            "action_flag": 2,
            "change_message": "[]"
        }
    },
    {
        "model": "admin.logentry",
        "pk": 86,
        "fields": {
            "action_time": "2022-03-01T13:31:41.576Z",
            "user": 1,
            "content_type": 10,
            "object_id": "7642fcf8-6110-4e4f-8724-ec35bf7499a0",
            "object_repr": "jdoe",
            "action_flag": 2,
            "change_message": "[]"
        }
    },
    {
        "model": "admin.logentry",
        "pk": 87,
        "fields": {
            "action_time": "2022-03-01T13:34:21.068Z",
            "user": 1,
            "content_type": 10,
            "object_id": "7642fcf8-6110-4e4f-8724-ec35bf7499a0",
            "object_repr": "jdoe",
            "action_flag": 2,
            "change_message": "[]"
        }
    },
    {
        "model": "admin.logentry",
        "pk": 88,
        "fields": {
            "action_time": "2022-03-01T13:35:31.885Z",
            "user": 1,
            "content_type": 10,
            "object_id": "76dbed61-09ee-4b61-94fa-09a5abe655ff",
            "object_repr": "steveo",
            "action_flag": 1,
            "change_message": "[{\"added\": {}}]"
        }
    },
    {
        "model": "admin.logentry",
        "pk": 89,
        "fields": {
            "action_time": "2022-03-01T13:35:41.237Z",
            "user": 1,
            "content_type": 10,
            "object_id": "76dbed61-09ee-4b61-94fa-09a5abe655ff",
            "object_repr": "steveo",
            "action_flag": 3,
            "change_message": ""
        }
    },
    {
        "model": "admin.logentry",
        "pk": 90,
        "fields": {
            "action_time": "2022-03-01T13:36:00.287Z",
            "user": 1,
            "content_type": 10,
            "object_id": "7642fcf8-6110-4e4f-8724-ec35bf7499a0",
            "object_repr": "jdoe",
            "action_flag": 2,
            "change_message": "[]"
        }
    },
    {
        "model": "admin.logentry",
        "pk": 91,
        "fields": {
            "action_time": "2022-03-01T18:44:43.408Z",
            "user": 1,
            "content_type": 10,
            "object_id": "7642fcf8-6110-4e4f-8724-ec35bf7499a0",
            "object_repr": "jdoe",
            "action_flag": 2,
            "change_message": "[]"
        }
    },
    {
        "model": "admin.logentry",
        "pk": 92,
        "fields": {
            "action_time": "2022-03-01T18:45:03.893Z",
            "user": 1,
            "content_type": 10,
            "object_id": "7642fcf8-6110-4e4f-8724-ec35bf7499a0",
            "object_repr": "jdoe",
            "action_flag": 2,
            "change_message": "[]"
        }
    },
    {
        "model": "admin.logentry",
        "pk": 93,
        "fields": {
            "action_time": "2022-03-01T18:45:39.592Z",
            "user": 1,
            "content_type": 10,
            "object_id": "7642fcf8-6110-4e4f-8724-ec35bf7499a0",
            "object_repr": "jdoe",
            "action_flag": 2,
            "change_message": "[{\"changed\": {\"fields\": [\"Bio\"]}}]"
        }
    },
    {
        "model": "admin.logentry",
        "pk": 94,
        "fields": {
            "action_time": "2022-03-01T18:46:11.001Z",
            "user": 1,
            "content_type": 10,
            "object_id": "7642fcf8-6110-4e4f-8724-ec35bf7499a0",
            "object_repr": "jdoe",
            "action_flag": 2,
            "change_message": "[{\"changed\": {\"fields\": [\"Bio\"]}}]"
        }
    },
    {
        "model": "admin.logentry",
        "pk": 95,
        "fields": {
            "action_time": "2022-03-01T18:47:01.904Z",
            "user": 1,
            "content_type": 10,
            "object_id": "7642fcf8-6110-4e4f-8724-ec35bf7499a0",
            "object_repr": "jdoe",
            "action_flag": 2,
            "change_message": "[]"
        }
    },
    {
        "model": "admin.logentry",
        "pk": 96,
        "fields": {
            "action_time": "2022-03-01T18:47:20.350Z",
            "user": 1,
            "content_type": 10,
            "object_id": "7642fcf8-6110-4e4f-8724-ec35bf7499a0",
            "object_repr": "jdoe",
            "action_flag": 2,
            "change_message": "[{\"changed\": {\"fields\": [\"Bio\"]}}]"
        }
    },
    {
        "model": "admin.logentry",
        "pk": 97,
        "fields": {
            "action_time": "2022-03-01T18:48:56.655Z",
            "user": 1,
            "content_type": 10,
            "object_id": "9ed38c15-d613-4fd0-840a-1f851e3c79d8",
            "object_repr": "steveo",
            "action_flag": 1,
            "change_message": "[{\"added\": {}}]"
        }
    },
    {
        "model": "admin.logentry",
        "pk": 98,
        "fields": {
            "action_time": "2022-03-01T18:49:05.133Z",
            "user": 1,
            "content_type": 10,
            "object_id": "9ed38c15-d613-4fd0-840a-1f851e3c79d8",
            "object_repr": "steveo",
            "action_flag": 3,
            "change_message": ""
        }
    },
    {
        "model": "admin.logentry",
        "pk": 99,
        "fields": {
            "action_time": "2022-03-01T18:49:49.638Z",
            "user": 1,
            "content_type": 10,
            "object_id": "7642fcf8-6110-4e4f-8724-ec35bf7499a0",
            "object_repr": "jdoe",
            "action_flag": 2,
            "change_message": "[{\"changed\": {\"fields\": [\"Bio\"]}}]"
        }
    },
    {
        "model": "admin.logentry",
        "pk": 100,
        "fields": {
            "action_time": "2022-03-01T18:50:05.775Z",
            "user": 1,
            "content_type": 10,
            "object_id": "cc6a9f2e-f898-4234-8f5d-225ed3d1fee2",
            "object_repr": "steveo",
            "action_flag": 1,
            "change_message": "[{\"added\": {}}]"
        }
    },
    {
        "model": "admin.logentry",
        "pk": 101,
        "fields": {
            "action_time": "2022-03-01T18:50:16.943Z",
            "user": 1,
            "content_type": 10,
            "object_id": "cc6a9f2e-f898-4234-8f5d-225ed3d1fee2",
            "object_repr": "steveo",
            "action_flag": 3,
            "change_message": ""
        }
    },
    {
        "model": "admin.logentry",
        "pk": 102,
        "fields": {
            "action_time": "2022-03-01T18:53:08.520Z",
            "user": 1,
            "content_type": 4,
            "object_id": "3",
            "object_repr": "steveo",
            "action_flag": 2,
            "change_message": "[]"
        }
    },
    {
        "model": "admin.logentry",
        "pk": 103,
        "fields": {
            "action_time": "2022-03-01T19:00:54.183Z",
            "user": 1,
            "content_type": 4,
            "object_id": "3",
            "object_repr": "steveo",
            "action_flag": 3,
            "change_message": ""
        }
    },
    {
        "model": "admin.logentry",
        "pk": 104,
        "fields": {
            "action_time": "2022-03-01T19:03:37.669Z",
            "user": 1,
            "content_type": 4,
            "object_id": "4",
            "object_repr": "steveo",
            "action_flag": 1,
            "change_message": "[{\"added\": {}}]"
        }
    },
    {
        "model": "admin.logentry",
        "pk": 105,
        "fields": {
            "action_time": "2022-03-01T19:06:19.210Z",
            "user": 1,
            "content_type": 4,
            "object_id": "4",
            "object_repr": "steveo",
            "action_flag": 3,
            "change_message": ""
        }
    },
    {
        "model": "admin.logentry",
        "pk": 106,
        "fields": {
            "action_time": "2022-03-01T19:06:45.331Z",
            "user": 1,
            "content_type": 4,
            "object_id": "5",
            "object_repr": "tim",
            "action_flag": 1,
            "change_message": "[{\"added\": {}}]"
        }
    },
    {
        "model": "admin.logentry",
        "pk": 107,
        "fields": {
            "action_time": "2022-03-01T19:08:52.442Z",
            "user": 1,
            "content_type": 10,
            "object_id": "66533fe6-a142-4d4f-af8c-2baae7ba1dcf",
            "object_repr": "tim",
            "action_flag": 3,
            "change_message": ""
        }
    },
    {
        "model": "admin.logentry",
        "pk": 108,
        "fields": {
            "action_time": "2022-03-01T19:09:46.030Z",
            "user": 1,
            "content_type": 4,
            "object_id": "6",
            "object_repr": "joe",
            "action_flag": 1,
            "change_message": "[{\"added\": {}}]"
        }
    },
    {
        "model": "admin.logentry",
        "pk": 109,
        "fields": {
            "action_time": "2022-03-01T19:10:30.906Z",
            "user": 1,
            "content_type": 10,
            "object_id": "9cb95a32-bb52-4541-8484-ab292bb9cf2a",
            "object_repr": "joe",
            "action_flag": 3,
            "change_message": ""
        }
    },
    {
        "model": "admin.logentry",
        "pk": 110,
        "fields": {
            "action_time": "2022-03-01T19:26:43.093Z",
            "user": 1,
            "content_type": 10,
            "object_id": "7642fcf8-6110-4e4f-8724-ec35bf7499a0",
            "object_repr": "jdoe",
            "action_flag": 2,
            "change_message": "[]"
        }
    },
    {
        "model": "admin.logentry",
        "pk": 111,
        "fields": {
            "action_time": "2022-03-01T19:27:01.589Z",
            "user": 1,
            "content_type": 10,
            "object_id": "7642fcf8-6110-4e4f-8724-ec35bf7499a0",
            "object_repr": "jdoe",
            "action_flag": 2,
            "change_message": "[]"
        }
    },
    {
        "model": "admin.logentry",
        "pk": 112,
        "fields": {
            "action_time": "2022-03-01T19:30:03.825Z",
            "user": 1,
            "content_type": 10,
            "object_id": "7642fcf8-6110-4e4f-8724-ec35bf7499a0",
            "object_repr": "jdoe",
            "action_flag": 2,
            "change_message": "[]"
        }
    },
    {
        "model": "admin.logentry",
        "pk": 113,
        "fields": {
            "action_time": "2022-03-01T19:32:31.962Z",
            "user": 1,
            "content_type": 10,
            "object_id": "7642fcf8-6110-4e4f-8724-ec35bf7499a0",
            "object_repr": "jdoe",
            "action_flag": 2,
            "change_message": "[]"
        }
    },
    {
        "model": "admin.logentry",
        "pk": 114,
        "fields": {
            "action_time": "2022-03-01T19:34:06.391Z",
            "user": 1,
            "content_type": 10,
            "object_id": "7642fcf8-6110-4e4f-8724-ec35bf7499a0",
            "object_repr": "jdoe",
            "action_flag": 2,
            "change_message": "[]"
        }
    },
    {
        "model": "admin.logentry",
        "pk": 115,
        "fields": {
            "action_time": "2022-03-01T19:39:00.441Z",
            "user": 1,
            "content_type": 10,
            "object_id": "7642fcf8-6110-4e4f-8724-ec35bf7499a0",
            "object_repr": "jdoe",
            "action_flag": 2,
            "change_message": "[]"
        }
    },
    {
        "model": "admin.logentry",
        "pk": 116,
        "fields": {
            "action_time": "2022-03-01T19:39:14.929Z",
            "user": 1,
            "content_type": 10,
            "object_id": "7642fcf8-6110-4e4f-8724-ec35bf7499a0",
            "object_repr": "jdoe",
            "action_flag": 2,
            "change_message": "[]"
        }
    },
    {
        "model": "admin.logentry",
        "pk": 117,
        "fields": {
            "action_time": "2022-03-01T19:39:36.837Z",
            "user": 1,
            "content_type": 4,
            "object_id": "2",
            "object_repr": "jdoe",
            "action_flag": 2,
            "change_message": "[]"
        }
    },
    {
        "model": "admin.logentry",
        "pk": 118,
        "fields": {
            "action_time": "2022-03-01T19:40:56.923Z",
            "user": 1,
            "content_type": 4,
            "object_id": "2",
            "object_repr": "jdoe",
            "action_flag": 2,
            "change_message": "[]"
        }
    },
    {
        "model": "admin.logentry",
        "pk": 119,
        "fields": {
            "action_time": "2022-03-01T19:41:17.243Z",
            "user": 1,
            "content_type": 4,
            "object_id": "2",
            "object_repr": "jdoe",
            "action_flag": 2,
            "change_message": "[]"
        }
    },
    {
        "model": "admin.logentry",
        "pk": 120,
        "fields": {
            "action_time": "2022-03-01T19:41:37.411Z",
            "user": 1,
            "content_type": 4,
            "object_id": "2",
            "object_repr": "jdoe",
            "action_flag": 2,
            "change_message": "[]"
        }
    },
    {
        "model": "admin.logentry",
        "pk": 121,
        "fields": {
            "action_time": "2022-03-02T19:46:05.570Z",
            "user": 1,
            "content_type": 10,
            "object_id": "b2b75a1e-cc45-43dd-86e1-705ffecfcf68",
            "object_repr": "elias",
            "action_flag": 2,
            "change_message": "[{\"changed\": {\"fields\": [\"Short intro\"]}}]"
        }
    },
    {
        "model": "admin.logentry",
        "pk": 122,
        "fields": {
            "action_time": "2022-03-02T22:36:06.507Z",
            "user": 1,
            "content_type": 10,
            "object_id": "d1533e3b-80d1-453b-94fd-a2e84ebccd12",
            "object_repr": "miguel",
            "action_flag": 3,
            "change_message": ""
        }
    },
    {
        "model": "admin.logentry",
        "pk": 123,
        "fields": {
            "action_time": "2022-03-02T22:36:06.527Z",
            "user": 1,
            "content_type": 10,
            "object_id": "582bc4d7-9179-41f4-a5ff-ff99310832a0",
            "object_repr": "steveo",
            "action_flag": 3,
            "change_message": ""
        }
    },
    {
        "model": "admin.logentry",
        "pk": 124,
        "fields": {
            "action_time": "2022-03-02T22:36:30.287Z",
            "user": 1,
            "content_type": 10,
            "object_id": "ac30b4c3-00b8-41f1-ac67-bf41880f0ab8",
            "object_repr": "steveo3",
            "action_flag": 3,
            "change_message": ""
        }
    },
    {
        "model": "admin.logentry",
        "pk": 125,
        "fields": {
            "action_time": "2022-03-02T22:37:15.292Z",
            "user": 1,
            "content_type": 10,
            "object_id": "7642fcf8-6110-4e4f-8724-ec35bf7499a0",
            "object_repr": "jdoes",
            "action_flag": 2,
            "change_message": "[{\"changed\": {\"fields\": [\"Name\", \"Username\"]}}]"
        }
    },
    {
        "model": "admin.logentry",
        "pk": 126,
        "fields": {
            "action_time": "2022-03-02T22:40:57.210Z",
            "user": 1,
            "content_type": 10,
            "object_id": "7642fcf8-6110-4e4f-8724-ec35bf7499a0",
            "object_repr": "jdoes",
            "action_flag": 2,
            "change_message": "[{\"changed\": {\"fields\": [\"Name\"]}}]"
        }
    },
    {
        "model": "admin.logentry",
        "pk": 127,
        "fields": {
            "action_time": "2022-03-02T22:41:13.706Z",
            "user": 1,
            "content_type": 10,
            "object_id": "7642fcf8-6110-4e4f-8724-ec35bf7499a0",
            "object_repr": "jdoes",
            "action_flag": 2,
            "change_message": "[{\"changed\": {\"fields\": [\"Name\"]}}]"
        }
    },
    {
        "model": "admin.logentry",
        "pk": 128,
        "fields": {
            "action_time": "2022-03-02T23:14:52.311Z",
            "user": 1,
            "content_type": 7,
            "object_id": "b1789554-4e95-4e0b-b584-0a3df585d8b5",
            "object_repr": "Outlook",
            "action_flag": 3,
            "change_message": ""
        }
    },
    {
        "model": "admin.logentry",
        "pk": 129,
        "fields": {
            "action_time": "2022-03-02T23:23:16.385Z",
            "user": 1,
            "content_type": 7,
            "object_id": "90d188bd-a679-493c-b9fe-7e513938884b",
            "object_repr": "Outlook",
            "action_flag": 2,
            "change_message": "[{\"changed\": {\"fields\": [\"Owner\"]}}]"
        }
    },
    {
        "model": "admin.logentry",
        "pk": 130,
        "fields": {
            "action_time": "2022-03-02T23:34:41.403Z",
            "user": 1,
            "content_type": 10,
            "object_id": "b2b75a1e-cc45-43dd-86e1-705ffecfcf68",
            "object_repr": "elias",
            "action_flag": 2,
            "change_message": "[{\"changed\": {\"fields\": [\"Social website\"]}}]"
        }
    },
    {
        "model": "admin.logentry",
        "pk": 131,
        "fields": {
            "action_time": "2022-03-02T23:43:58.088Z",
            "user": 1,
            "content_type": 4,
            "object_id": "10",
            "object_repr": "jlennon",
            "action_flag": 3,
            "change_message": ""
        }
    },
    {
        "model": "admin.logentry",
        "pk": 132,
        "fields": {
            "action_time": "2022-03-02T23:44:15.828Z",
            "user": 1,
            "content_type": 10,
            "object_id": "b0fd9fff-839c-4a85-b763-baeb1cc9db75",
            "object_repr": "jlennon",
            "action_flag": 3,
            "change_message": ""
        }
    },
    {
        "model": "admin.logentry",
        "pk": 133,
        "fields": {
            "action_time": "2022-03-10T19:16:09.787Z",
            "user": 1,
            "content_type": 10,
            "object_id": "3872b6f0-56f6-4b10-8b94-43ba0c42a4fa",
            "object_repr": "jlennon",
            "action_flag": 2,
            "change_message": "[{\"changed\": {\"fields\": [\"Bio\"]}}]"
        }
    },
    {
        "model": "admin.logentry",
        "pk": 134,
        "fields": {
            "action_time": "2022-03-10T21:45:21.676Z",
            "user": 1,
            "content_type": 11,
            "object_id": "defc9ae2-9d27-460d-9326-b57e5d7916ec",
            "object_repr": "JavaScript",
            "action_flag": 2,
            "change_message": "[{\"changed\": {\"fields\": [\"Name\"]}}]"
        }
    },
    {
        "model": "admin.logentry",
        "pk": 135,
        "fields": {
            "action_time": "2022-03-10T22:20:53.809Z",
            "user": 1,
            "content_type": 10,
            "object_id": "3872b6f0-56f6-4b10-8b94-43ba0c42a4fa",
            "object_repr": "jlennon",
            "action_flag": 2,
            "change_message": "[{\"changed\": {\"fields\": [\"Short intro\", \"Bio\"]}}]"
        }
    },
    {
        "model": "admin.logentry",
        "pk": 136,
        "fields": {
            "action_time": "2022-03-10T23:52:25.972Z",
            "user": 1,
            "content_type": 11,
            "object_id": "6b1ccc20-b6a7-4669-a157-a1011af1430f",
            "object_repr": "Visual Basic",
            "action_flag": 1,
            "change_message": "[{\"added\": {}}]"
        }
    },
    {
        "model": "admin.logentry",
        "pk": 137,
        "fields": {
            "action_time": "2022-03-10T23:52:33.666Z",
            "user": 1,
            "content_type": 11,
            "object_id": "ed9f781a-40d1-4d18-950f-b55845dbc22a",
            "object_repr": "Pascal",
            "action_flag": 1,
            "change_message": "[{\"added\": {}}]"
        }
    },
    {
        "model": "admin.logentry",
        "pk": 138,
        "fields": {
            "action_time": "2022-03-14T13:24:41.061Z",
            "user": 1,
            "content_type": 10,
            "object_id": "67d497c5-a941-49e1-85d4-75f66493f27d",
            "object_repr": "gcolin",
            "action_flag": 2,
            "change_message": "[{\"changed\": {\"fields\": [\"Short intro\"]}}]"
        }
    },
    {
        "model": "admin.logentry",
        "pk": 139,
        "fields": {
            "action_time": "2022-03-16T12:17:40.045Z",
            "user": 1,
            "content_type": 9,
            "object_id": "e9a4af98-d344-4a95-a3f4-90d1b512e092",
            "object_repr": "Ecommerce Website - down",
            "action_flag": 2,
            "change_message": "[{\"changed\": {\"fields\": [\"Developer\"]}}]"
        }
    },
    {
        "model": "admin.logentry",
        "pk": 140,
        "fields": {
            "action_time": "2022-03-16T12:17:51.150Z",
            "user": 1,
            "content_type": 9,
            "object_id": "ca35c340-e484-448f-a9c8-901bfa0e1fba",
            "object_repr": "Ecommerce Website - up",
            "action_flag": 2,
            "change_message": "[{\"changed\": {\"fields\": [\"Developer\"]}}]"
        }
    },
    {
        "model": "admin.logentry",
        "pk": 141,
        "fields": {
            "action_time": "2022-03-16T12:18:04.480Z",
            "user": 1,
            "content_type": 9,
            "object_id": "7aaa78a5-8b11-4693-910c-24507863c82f",
            "object_repr": "Ecommerce Website - up",
            "action_flag": 2,
            "change_message": "[{\"changed\": {\"fields\": [\"Developer\"]}}]"
        }
    },
    {
        "model": "admin.logentry",
        "pk": 142,
        "fields": {
            "action_time": "2022-03-16T12:29:11.776Z",
            "user": 1,
            "content_type": 9,
            "object_id": "7aaa78a5-8b11-4693-910c-24507863c82f",
            "object_repr": "Ecommerce Website - up",
            "action_flag": 2,
            "change_message": "[{\"changed\": {\"fields\": [\"Body\"]}}]"
        }
    },
    {
        "model": "admin.logentry",
        "pk": 143,
        "fields": {
            "action_time": "2022-03-16T13:11:24.742Z",
            "user": 1,
            "content_type": 9,
            "object_id": "f4e08cf0-9b72-4ccb-9ad0-3324f8de6f1e",
            "object_repr": "Ecommerce Website - up",
            "action_flag": 3,
            "change_message": ""
        }
    },
    {
        "model": "admin.logentry",
        "pk": 144,
        "fields": {
            "action_time": "2022-03-16T13:12:52.681Z",
            "user": 1,
            "content_type": 9,
            "object_id": "54d613b4-0557-42ba-8dbc-db274b9831bd",
            "object_repr": "Ecommerce Website - up",
            "action_flag": 3,
            "change_message": ""
        }
    },
    {
        "model": "admin.logentry",
        "pk": 145,
        "fields": {
            "action_time": "2022-03-16T13:23:03.012Z",
            "user": 1,
            "content_type": 9,
            "object_id": "466740c7-3f92-4498-9242-a59c70dbf37e",
            "object_repr": "Outlook - down",
            "action_flag": 3,
            "change_message": ""
        }
    },
    {
        "model": "admin.logentry",
        "pk": 146,
        "fields": {
            "action_time": "2022-03-16T13:24:12.649Z",
            "user": 1,
            "content_type": 9,
            "object_id": "6f939650-0945-4c84-90a0-bcf9906c1c87",
            "object_repr": "Outlook - down",
            "action_flag": 3,
            "change_message": ""
        }
    },
    {
        "model": "admin.logentry",
        "pk": 147,
        "fields": {
            "action_time": "2022-03-16T13:24:12.660Z",
            "user": 1,
            "content_type": 9,
            "object_id": "64791ffe-77ee-469d-becb-b75232a6915b",
            "object_repr": "Slack - up",
            "action_flag": 3,
            "change_message": ""
        }
    },
    {
        "model": "admin.logentry",
        "pk": 148,
        "fields": {
            "action_time": "2022-03-16T13:25:36.000Z",
            "user": 1,
            "content_type": 9,
            "object_id": "c74dcf83-e801-4f23-9d31-af7e52e71877",
            "object_repr": "Outlook - down",
            "action_flag": 3,
            "change_message": ""
        }
    },
    {
        "model": "admin.logentry",
        "pk": 149,
        "fields": {
            "action_time": "2022-03-17T03:21:51.784Z",
            "user": 1,
            "content_type": 12,
            "object_id": "9378b2fb-55cd-47d0-a94c-032a5daa71e4",
            "object_repr": "First message",
            "action_flag": 1,
            "change_message": "[{\"added\": {}}]"
        }
    },
    {
        "model": "admin.logentry",
        "pk": 150,
        "fields": {
            "action_time": "2022-03-17T03:22:32.673Z",
            "user": 1,
            "content_type": 12,
            "object_id": "bd0d6fec-8631-4833-9626-130b4aadebe0",
            "object_repr": "How are you?",
            "action_flag": 1,
            "change_message": "[{\"added\": {}}]"
        }
    },
    {
        "model": "admin.logentry",
        "pk": 151,
        "fields": {
            "action_time": "2022-03-17T12:22:54.097Z",
            "user": 1,
            "content_type": 10,
            "object_id": "b2b75a1e-cc45-43dd-86e1-705ffecfcf68",
            "object_repr": "elias",
            "action_flag": 2,
            "change_message": "[{\"changed\": {\"fields\": [\"Bio\"]}}]"
        }
    },
    {
        "model": "admin.logentry",
        "pk": 152,
        "fields": {
            "action_time": "2022-03-17T12:23:16.273Z",
            "user": 1,
            "content_type": 10,
            "object_id": "7642fcf8-6110-4e4f-8724-ec35bf7499a0",
            "object_repr": "jdoes",
            "action_flag": 2,
            "change_message": "[{\"changed\": {\"fields\": [\"Bio\"]}}]"
        }
    },
    {
        "model": "admin.logentry",
        "pk": 153,
        "fields": {
            "action_time": "2022-03-17T12:23:40.898Z",
            "user": 1,
            "content_type": 10,
            "object_id": "67d497c5-a941-49e1-85d4-75f66493f27d",
            "object_repr": "gcolin",
            "action_flag": 2,
            "change_message": "[{\"changed\": {\"fields\": [\"Bio\"]}}]"
        }
    },
    {
        "model": "admin.logentry",
        "pk": 154,
        "fields": {
            "action_time": "2022-03-17T12:23:58.635Z",
            "user": 1,
            "content_type": 10,
            "object_id": "3872b6f0-56f6-4b10-8b94-43ba0c42a4fa",
            "object_repr": "jlennon",
            "action_flag": 2,
            "change_message": "[{\"changed\": {\"fields\": [\"Bio\"]}}]"
        }
    },
    {
        "model": "admin.logentry",
        "pk": 155,
        "fields": {
            "action_time": "2022-03-17T12:24:12.747Z",
            "user": 1,
            "content_type": 7,
            "object_id": "a32be469-c5d7-461d-9c14-f23846f2f616",
            "object_repr": "Mumble Social Network",
            "action_flag": 2,
            "change_message": "[{\"changed\": {\"fields\": [\"Description\"]}}]"
        }
    },
    {
        "model": "admin.logentry",
        "pk": 156,
        "fields": {
            "action_time": "2022-03-17T12:24:39.708Z",
            "user": 1,
            "content_type": 7,
            "object_id": "7f1172dc-670c-461a-b87d-146ccaa11ca4",
            "object_repr": "Unicorfee",
            "action_flag": 2,
            "change_message": "[{\"changed\": {\"fields\": [\"Description\"]}}]"
        }
    },
    {
        "model": "admin.logentry",
        "pk": 157,
        "fields": {
            "action_time": "2022-03-17T12:24:57.105Z",
            "user": 1,
            "content_type": 7,
            "object_id": "1a6ef2f1-25ac-4ef6-801f-803959d5e0f9",
            "object_repr": "Ecommerce Website",
            "action_flag": 2,
            "change_message": "[{\"changed\": {\"fields\": [\"Description\"]}}]"
        }
    },
    {
        "model": "admin.logentry",
        "pk": 158,
        "fields": {
            "action_time": "2022-03-17T12:42:21.176Z",
            "user": 1,
            "content_type": 12,
            "object_id": "89f119b5-fa9a-41a1-9722-141f435232fa",
            "object_repr": "Yo",
            "action_flag": 1,
            "change_message": "[{\"added\": {}}]"
        }
    },
    {
        "model": "admin.logentry",
        "pk": 159,
        "fields": {
            "action_time": "2022-03-17T13:27:06.668Z",
            "user": 1,
            "content_type": 12,
            "object_id": "645ece94-b011-44c3-9017-40cf6b6f99cf",
            "object_repr": "You're mean",
            "action_flag": 3,
            "change_message": ""
        }
    },
    {
        "model": "admin.logentry",
        "pk": 160,
        "fields": {
            "action_time": "2022-03-17T13:27:57.235Z",
            "user": 1,
            "content_type": 12,
            "object_id": "d3a7d9de-5019-4ed1-b21c-3e5403972783",
            "object_repr": "You're mean",
            "action_flag": 3,
            "change_message": ""
        }
    },
    {
        "model": "admin.logentry",
        "pk": 161,
        "fields": {
            "action_time": "2022-03-18T02:17:13.992Z",
            "user": 1,
            "content_type": 4,
            "object_id": "13",
            "object_repr": "mcalderon",
            "action_flag": 3,
            "change_message": ""
        }
    },
    {
        "model": "admin.logentry",
        "pk": 162,
        "fields": {
            "action_time": "2022-03-18T02:17:41.025Z",
            "user": 1,
            "content_type": 4,
            "object_id": "13",
            "object_repr": "mcalderon",
            "action_flag": 3,
            "change_message": ""
        }
    },
    {
        "model": "admin.logentry",
        "pk": 163,
        "fields": {
            "action_time": "2022-03-18T02:17:50.211Z",
            "user": 1,
            "content_type": 10,
            "object_id": "c892a3cf-b91f-4f79-8037-31e1382b6e13",
            "object_repr": "mcalderon",
            "action_flag": 3,
            "change_message": ""
        }
    },
    {
        "model": "admin.logentry",
        "pk": 164,
        "fields": {
            "action_time": "2022-03-18T12:46:01.727Z",
            "user": 1,
            "content_type": 10,
            "object_id": "b2b75a1e-cc45-43dd-86e1-705ffecfcf68",
            "object_repr": "elias",
            "action_flag": 2,
            "change_message": "[{\"changed\": {\"fields\": [\"Email\"]}}]"
        }
    },
    {
        "model": "admin.logentry",
        "pk": 165,
        "fields": {
            "action_time": "2022-03-22T12:33:58.839Z",
            "user": 1,
            "content_type": 7,
            "object_id": "5fbec97f-8bd8-493f-a4e8-0dcc3c378778",
            "object_repr": "Slack",
            "action_flag": 3,
            "change_message": ""
        }
    },
    {
        "model": "admin.logentry",
        "pk": 166,
        "fields": {
            "action_time": "2022-03-25T12:40:38.317Z",
            "user": 1,
            "content_type": 10,
            "object_id": "67d497c5-a941-49e1-85d4-75f66493f27d",
            "object_repr": "gcolin",
            "action_flag": 2,
            "change_message": "[{\"changed\": {\"fields\": [\"Short intro\"]}}]"
        }
    },
    {
        "model": "admin.logentry",
        "pk": 167,
        "fields": {
            "action_time": "2022-03-29T18:38:45.566Z",
            "user": 1,
            "content_type": 10,
            "object_id": "ccee6aea-3cfd-4954-b7f5-11e666fae45c",
            "object_repr": "luismi",
            "action_flag": 2,
            "change_message": "[{\"changed\": {\"fields\": [\"Profile image\"]}}]"
        }
    },
    {
        "model": "admin.logentry",
        "pk": 168,
        "fields": {
            "action_time": "2022-03-29T18:43:28.765Z",
            "user": 1,
            "content_type": 11,
            "object_id": "b6ca18ba-a66b-4cca-ab13-3799e681209d",
            "object_repr": "UX",
            "action_flag": 1,
            "change_message": "[{\"added\": {}}]"
        }
    },
    {
        "model": "admin.logentry",
        "pk": 169,
        "fields": {
            "action_time": "2022-03-29T18:43:52.055Z",
            "user": 1,
            "content_type": 10,
            "object_id": "ccee6aea-3cfd-4954-b7f5-11e666fae45c",
            "object_repr": "luismi",
            "action_flag": 2,
            "change_message": "[{\"changed\": {\"fields\": [\"Bio\"]}}]"
        }
    },
    {
        "model": "admin.logentry",
        "pk": 170,
        "fields": {
            "action_time": "2022-03-29T18:44:32.476Z",
            "user": 1,
            "content_type": 11,
            "object_id": "b8681d63-4391-4af3-a73e-d396cd51cf54",
            "object_repr": "UI",
            "action_flag": 1,
            "change_message": "[{\"added\": {}}]"
        }
    },
    {
        "model": "admin.logentry",
        "pk": 171,
        "fields": {
            "action_time": "2022-03-29T18:44:56.395Z",
            "user": 1,
            "content_type": 10,
            "object_id": "ccee6aea-3cfd-4954-b7f5-11e666fae45c",
            "object_repr": "luismi",
            "action_flag": 2,
            "change_message": "[{\"changed\": {\"fields\": [\"Location\"]}}]"
        }
    },
    {
        "model": "admin.logentry",
        "pk": 172,
        "fields": {
            "action_time": "2022-03-29T18:51:46.959Z",
            "user": 1,
            "content_type": 4,
            "object_id": "15",
            "object_repr": "alpacino",
            "action_flag": 1,
            "change_message": "[{\"added\": {}}]"
        }
    },
    {
        "model": "admin.logentry",
        "pk": 173,
        "fields": {
            "action_time": "2022-03-29T18:52:01.947Z",
            "user": 1,
            "content_type": 4,
            "object_id": "15",
            "object_repr": "alpacino",
            "action_flag": 2,
            "change_message": "[{\"changed\": {\"fields\": [\"First name\", \"Last name\", \"Email address\"]}}]"
        }
    },
    {
        "model": "admin.logentry",
        "pk": 174,
        "fields": {
            "action_time": "2022-03-29T20:07:48.551Z",
            "user": 1,
            "content_type": 10,
            "object_id": "6b542ac2-7a2e-4bc8-8aa1-0a89cd86d5ad",
            "object_repr": "alpacino",
            "action_flag": 2,
            "change_message": "[{\"changed\": {\"fields\": [\"Name\", \"Email\", \"Location\", \"Short intro\", \"Bio\", \"Profile image\", \"Social website\"]}}]"
        }
    },
    {
        "model": "admin.logentry",
        "pk": 175,
        "fields": {
            "action_time": "2022-03-29T20:12:09.634Z",
            "user": 1,
            "content_type": 11,
            "object_id": "e224a0fb-8017-43fa-ac77-18caaccda605",
            "object_repr": "Node",
            "action_flag": 1,
            "change_message": "[{\"added\": {}}]"
        }
    },
    {
        "model": "admin.logentry",
        "pk": 176,
        "fields": {
            "action_time": "2022-03-29T20:12:15.801Z",
            "user": 1,
            "content_type": 11,
            "object_id": "5b1fe097-5860-42d1-a243-15d21edd91f9",
            "object_repr": "Express",
            "action_flag": 1,
            "change_message": "[{\"added\": {}}]"
        }
    },
    {
        "model": "admin.logentry",
        "pk": 177,
        "fields": {
            "action_time": "2022-03-29T20:38:24.548Z",
            "user": 1,
            "content_type": 4,
            "object_id": "16",
            "object_repr": "alovelace",
            "action_flag": 1,
            "change_message": "[{\"added\": {}}]"
        }
    },
    {
        "model": "admin.logentry",
        "pk": 178,
        "fields": {
            "action_time": "2022-03-29T20:38:39.133Z",
            "user": 1,
            "content_type": 4,
            "object_id": "16",
            "object_repr": "alovelace",
            "action_flag": 2,
            "change_message": "[{\"changed\": {\"fields\": [\"First name\", \"Last name\", \"Email address\"]}}]"
        }
    },
    {
        "model": "admin.logentry",
        "pk": 179,
        "fields": {
            "action_time": "2022-03-29T20:45:01.930Z",
            "user": 1,
            "content_type": 4,
            "object_id": "16",
            "object_repr": "alovelace",
            "action_flag": 2,
            "change_message": "[]"
        }
    },
    {
        "model": "admin.logentry",
        "pk": 180,
        "fields": {
            "action_time": "2022-03-29T20:45:35.462Z",
            "user": 1,
            "content_type": 10,
            "object_id": "8e974102-a295-4b2c-8e64-12b9a88c6bdd",
            "object_repr": "alovelace",
            "action_flag": 2,
            "change_message": "[{\"changed\": {\"fields\": [\"Name\", \"Email\", \"Location\", \"Short intro\", \"Bio\", \"Profile image\"]}}]"
        }
    },
    {
        "model": "admin.logentry",
        "pk": 181,
        "fields": {
            "action_time": "2022-03-29T20:45:42.716Z",
            "user": 1,
            "content_type": 10,
            "object_id": "8e974102-a295-4b2c-8e64-12b9a88c6bdd",
            "object_repr": "alovelace",
            "action_flag": 2,
            "change_message": "[{\"changed\": {\"fields\": [\"Name\"]}}]"
        }
    },
    {
        "model": "admin.logentry",
        "pk": 182,
        "fields": {
            "action_time": "2022-03-29T20:46:31.451Z",
            "user": 1,
            "content_type": 11,
            "object_id": "bf82cf5c-d789-4f1b-996e-225fd022a54e",
            "object_repr": "Computing devices",
            "action_flag": 1,
            "change_message": "[{\"added\": {}}]"
        }
    },
    {
        "model": "admin.logentry",
        "pk": 183,
        "fields": {
            "action_time": "2022-03-29T20:46:54.699Z",
            "user": 1,
            "content_type": 11,
            "object_id": "bf82cf5c-d789-4f1b-996e-225fd022a54e",
            "object_repr": "note G",
            "action_flag": 2,
            "change_message": "[{\"changed\": {\"fields\": [\"Name\"]}}]"
        }
    },
    {
        "model": "admin.logentry",
        "pk": 184,
        "fields": {
            "action_time": "2022-03-29T20:47:17.367Z",
            "user": 1,
            "content_type": 11,
            "object_id": "56d3f902-fe84-4341-8bd6-2462e414296e",
            "object_repr": "Algorithms",
            "action_flag": 1,
            "change_message": "[{\"added\": {}}]"
        }
    },
    {
        "model": "admin.logentry",
        "pk": 185,
        "fields": {
            "action_time": "2022-03-29T20:50:02.576Z",
            "user": 1,
            "content_type": 4,
            "object_id": "17",
            "object_repr": "alfred.barnes",
            "action_flag": 1,
            "change_message": "[{\"added\": {}}]"
        }
    },
    {
        "model": "admin.logentry",
        "pk": 186,
        "fields": {
            "action_time": "2022-03-29T20:50:51.178Z",
            "user": 1,
            "content_type": 4,
            "object_id": "17",
            "object_repr": "alfred.barnes",
            "action_flag": 2,
            "change_message": "[{\"changed\": {\"fields\": [\"First name\", \"Last name\", \"Email address\"]}}]"
        }
    },
    {
        "model": "admin.logentry",
        "pk": 187,
        "fields": {
            "action_time": "2022-03-29T20:52:38.202Z",
            "user": 1,
            "content_type": 10,
            "object_id": "655b1f49-458d-4af8-8625-c5a1d80da968",
            "object_repr": "alfred.barnes",
            "action_flag": 2,
            "change_message": "[{\"changed\": {\"fields\": [\"Name\", \"Email\", \"Location\", \"Profile image\"]}}]"
        }
    },
    {
        "model": "admin.logentry",
        "pk": 188,
        "fields": {
            "action_time": "2022-03-29T20:55:53.408Z",
            "user": 1,
            "content_type": 10,
            "object_id": "655b1f49-458d-4af8-8625-c5a1d80da968",
            "object_repr": "alfred.barnes",
            "action_flag": 2,
            "change_message": "[{\"changed\": {\"fields\": [\"Short intro\", \"Bio\", \"Social github\", \"Social website\"]}}]"
        }
    },
    {
        "model": "admin.logentry",
        "pk": 189,
        "fields": {
            "action_time": "2022-03-29T20:56:51.563Z",
            "user": 1,
            "content_type": 11,
            "object_id": "3b1a2478-a455-4328-b0d7-a6607e959f3a",
            "object_repr": "Next.js",
            "action_flag": 1,
            "change_message": "[{\"added\": {}}]"
        }
    },
    {
        "model": "admin.logentry",
        "pk": 190,
        "fields": {
            "action_time": "2022-03-29T20:57:20.561Z",
            "user": 1,
            "content_type": 11,
            "object_id": "4cdf2c20-df9b-4539-9590-98431ceaee58",
            "object_repr": "JavaScript",
            "action_flag": 1,
            "change_message": "[{\"added\": {}}]"
        }
    },
    {
        "model": "admin.logentry",
        "pk": 191,
        "fields": {
            "action_time": "2022-03-31T12:15:02.987Z",
            "user": 1,
            "content_type": 4,
            "object_id": "18",
            "object_repr": "tucker",
            "action_flag": 3,
            "change_message": ""
        }
    },
    {
        "model": "admin.logentry",
        "pk": 192,
        "fields": {
            "action_time": "2022-03-31T12:42:42.566Z",
            "user": 1,
            "content_type": 10,
            "object_id": "3872b6f0-56f6-4b10-8b94-43ba0c42a4fa",
            "object_repr": "jlennon",
            "action_flag": 2,
            "change_message": "[{\"changed\": {\"fields\": [\"Profile image\"]}}]"
        }
    },
    {
        "model": "admin.logentry",
        "pk": 193,
        "fields": {
            "action_time": "2022-05-13T11:39:37.820Z",
            "user": 1,
            "content_type": 4,
            "object_id": "19",
            "object_repr": "mcalderon",
            "action_flag": 2,
            "change_message": "[{\"changed\": {\"fields\": [\"Username\", \"First name\", \"Last name\", \"Email address\", \"Staff status\", \"Superuser status\"]}}]"
        }
    },
    {
        "model": "admin.logentry",
        "pk": 194,
        "fields": {
            "action_time": "2022-05-13T11:40:29.112Z",
            "user": 1,
            "content_type": 10,
            "object_id": "6dfb2361-499a-4d24-8abe-aa5a9371592c",
            "object_repr": "mcalderon",
            "action_flag": 2,
            "change_message": "[{\"changed\": {\"fields\": [\"Name\", \"Email\", \"Username\", \"Location\"]}}]"
        }
    },
    {
        "model": "admin.logentry",
        "pk": 195,
        "fields": {
            "action_time": "2022-05-13T11:46:33.782Z",
            "user": 1,
            "content_type": 10,
            "object_id": "6dfb2361-499a-4d24-8abe-aa5a9371592c",
            "object_repr": "mcalderon",
            "action_flag": 2,
            "change_message": "[{\"changed\": {\"fields\": [\"Short intro\", \"Bio\", \"Profile image\", \"Social website\"]}}]"
        }
    },
    {
        "model": "admin.logentry",
        "pk": 196,
        "fields": {
            "action_time": "2022-05-13T11:47:30.633Z",
            "user": 1,
            "content_type": 11,
            "object_id": "187be4be-a5e3-4503-ab04-f66801c227b5",
            "object_repr": "PHP",
            "action_flag": 1,
            "change_message": "[{\"added\": {}}]"
        }
    },
    {
        "model": "auth.permission",
        "pk": 1,
        "fields": {
            "name": "Can add log entry",
            "content_type": 1,
            "codename": "add_logentry"
        }
    },
    {
        "model": "auth.permission",
        "pk": 2,
        "fields": {
            "name": "Can change log entry",
            "content_type": 1,
            "codename": "change_logentry"
        }
    },
    {
        "model": "auth.permission",
        "pk": 3,
        "fields": {
            "name": "Can delete log entry",
            "content_type": 1,
            "codename": "delete_logentry"
        }
    },
    {
        "model": "auth.permission",
        "pk": 4,
        "fields": {
            "name": "Can view log entry",
            "content_type": 1,
            "codename": "view_logentry"
        }
    },
    {
        "model": "auth.permission",
        "pk": 5,
        "fields": {
            "name": "Can add permission",
            "content_type": 2,
            "codename": "add_permission"
        }
    },
    {
        "model": "auth.permission",
        "pk": 6,
        "fields": {
            "name": "Can change permission",
            "content_type": 2,
            "codename": "change_permission"
        }
    },
    {
        "model": "auth.permission",
        "pk": 7,
        "fields": {
            "name": "Can delete permission",
            "content_type": 2,
            "codename": "delete_permission"
        }
    },
    {
        "model": "auth.permission",
        "pk": 8,
        "fields": {
            "name": "Can view permission",
            "content_type": 2,
            "codename": "view_permission"
        }
    },
    {
        "model": "auth.permission",
        "pk": 9,
        "fields": {
            "name": "Can add group",
            "content_type": 3,
            "codename": "add_group"
        }
    },
    {
        "model": "auth.permission",
        "pk": 10,
        "fields": {
            "name": "Can change group",
            "content_type": 3,
            "codename": "change_group"
        }
    },
    {
        "model": "auth.permission",
        "pk": 11,
        "fields": {
            "name": "Can delete group",
            "content_type": 3,
            "codename": "delete_group"
        }
    },
    {
        "model": "auth.permission",
        "pk": 12,
        "fields": {
            "name": "Can view group",
            "content_type": 3,
            "codename": "view_group"
        }
    },
    {
        "model": "auth.permission",
        "pk": 13,
        "fields": {
            "name": "Can add user",
            "content_type": 4,
            "codename": "add_user"
        }
    },
    {
        "model": "auth.permission",
        "pk": 14,
        "fields": {
            "name": "Can change user",
            "content_type": 4,
            "codename": "change_user"
        }
    },
    {
        "model": "auth.permission",
        "pk": 15,
        "fields": {
            "name": "Can delete user",
            "content_type": 4,
            "codename": "delete_user"
        }
    },
    {
        "model": "auth.permission",
        "pk": 16,
        "fields": {
            "name": "Can view user",
            "content_type": 4,
            "codename": "view_user"
        }
    },
    {
        "model": "auth.permission",
        "pk": 17,
        "fields": {
            "name": "Can add content type",
            "content_type": 5,
            "codename": "add_contenttype"
        }
    },
    {
        "model": "auth.permission",
        "pk": 18,
        "fields": {
            "name": "Can change content type",
            "content_type": 5,
            "codename": "change_contenttype"
        }
    },
    {
        "model": "auth.permission",
        "pk": 19,
        "fields": {
            "name": "Can delete content type",
            "content_type": 5,
            "codename": "delete_contenttype"
        }
    },
    {
        "model": "auth.permission",
        "pk": 20,
        "fields": {
            "name": "Can view content type",
            "content_type": 5,
            "codename": "view_contenttype"
        }
    },
    {
        "model": "auth.permission",
        "pk": 21,
        "fields": {
            "name": "Can add session",
            "content_type": 6,
            "codename": "add_session"
        }
    },
    {
        "model": "auth.permission",
        "pk": 22,
        "fields": {
            "name": "Can change session",
            "content_type": 6,
            "codename": "change_session"
        }
    },
    {
        "model": "auth.permission",
        "pk": 23,
        "fields": {
            "name": "Can delete session",
            "content_type": 6,
            "codename": "delete_session"
        }
    },
    {
        "model": "auth.permission",
        "pk": 24,
        "fields": {
            "name": "Can view session",
            "content_type": 6,
            "codename": "view_session"
        }
    },
    {
        "model": "auth.permission",
        "pk": 25,
        "fields": {
            "name": "Can add project",
            "content_type": 7,
            "codename": "add_project"
        }
    },
    {
        "model": "auth.permission",
        "pk": 26,
        "fields": {
            "name": "Can change project",
            "content_type": 7,
            "codename": "change_project"
        }
    },
    {
        "model": "auth.permission",
        "pk": 27,
        "fields": {
            "name": "Can delete project",
            "content_type": 7,
            "codename": "delete_project"
        }
    },
    {
        "model": "auth.permission",
        "pk": 28,
        "fields": {
            "name": "Can view project",
            "content_type": 7,
            "codename": "view_project"
        }
    },
    {
        "model": "auth.permission",
        "pk": 29,
        "fields": {
            "name": "Can add tag",
            "content_type": 8,
            "codename": "add_tag"
        }
    },
    {
        "model": "auth.permission",
        "pk": 30,
        "fields": {
            "name": "Can change tag",
            "content_type": 8,
            "codename": "change_tag"
        }
    },
    {
        "model": "auth.permission",
        "pk": 31,
        "fields": {
            "name": "Can delete tag",
            "content_type": 8,
            "codename": "delete_tag"
        }
    },
    {
        "model": "auth.permission",
        "pk": 32,
        "fields": {
            "name": "Can view tag",
            "content_type": 8,
            "codename": "view_tag"
        }
    },
    {
        "model": "auth.permission",
        "pk": 33,
        "fields": {
            "name": "Can add review",
            "content_type": 9,
            "codename": "add_review"
        }
    },
    {
        "model": "auth.permission",
        "pk": 34,
        "fields": {
            "name": "Can change review",
            "content_type": 9,
            "codename": "change_review"
        }
    },
    {
        "model": "auth.permission",
        "pk": 35,
        "fields": {
            "name": "Can delete review",
            "content_type": 9,
            "codename": "delete_review"
        }
    },
    {
        "model": "auth.permission",
        "pk": 36,
        "fields": {
            "name": "Can view review",
            "content_type": 9,
            "codename": "view_review"
        }
    },
    {
        "model": "auth.permission",
        "pk": 37,
        "fields": {
            "name": "Can add developer",
            "content_type": 10,
            "codename": "add_developer"
        }
    },
    {
        "model": "auth.permission",
        "pk": 38,
        "fields": {
            "name": "Can change developer",
            "content_type": 10,
            "codename": "change_developer"
        }
    },
    {
        "model": "auth.permission",
        "pk": 39,
        "fields": {
            "name": "Can delete developer",
            "content_type": 10,
            "codename": "delete_developer"
        }
    },
    {
        "model": "auth.permission",
        "pk": 40,
        "fields": {
            "name": "Can view developer",
            "content_type": 10,
            "codename": "view_developer"
        }
    },
    {
        "model": "auth.permission",
        "pk": 41,
        "fields": {
            "name": "Can add skill",
            "content_type": 11,
            "codename": "add_skill"
        }
    },
    {
        "model": "auth.permission",
        "pk": 42,
        "fields": {
            "name": "Can change skill",
            "content_type": 11,
            "codename": "change_skill"
        }
    },
    {
        "model": "auth.permission",
        "pk": 43,
        "fields": {
            "name": "Can delete skill",
            "content_type": 11,
            "codename": "delete_skill"
        }
    },
    {
        "model": "auth.permission",
        "pk": 44,
        "fields": {
            "name": "Can view skill",
            "content_type": 11,
            "codename": "view_skill"
        }
    },
    {
        "model": "auth.permission",
        "pk": 45,
        "fields": {
            "name": "Can add message",
            "content_type": 12,
            "codename": "add_message"
        }
    },
    {
        "model": "auth.permission",
        "pk": 46,
        "fields": {
            "name": "Can change message",
            "content_type": 12,
            "codename": "change_message"
        }
    },
    {
        "model": "auth.permission",
        "pk": 47,
        "fields": {
            "name": "Can delete message",
            "content_type": 12,
            "codename": "delete_message"
        }
    },
    {
        "model": "auth.permission",
        "pk": 48,
        "fields": {
            "name": "Can view message",
            "content_type": 12,
            "codename": "view_message"
        }
    },
    {
        "model": "auth.user",
        "pk": 1,
        "fields": {
            "password": "pbkdf2_sha256$260000$SCvfqKdkil1jZfuZKDnRka$ymWI974cHJWru0syxCWpj1L+5+peWn1qbOdu8xuniU8=",
            "last_login": "2022-05-13T11:37:48.449Z",
            "is_superuser": true,
            "username": "elias",
            "first_name": "Elas",
            "last_name": "Torres",
            "email": "eliashhtorres@gmail.com",
            "is_staff": true,
            "is_active": true,
            "date_joined": "2022-02-24T19:31:56Z",
            "groups": [],
            "user_permissions": []
        }
    },
    {
        "model": "auth.user",
        "pk": 2,
        "fields": {
            "password": "pbkdf2_sha256$260000$UuJ2SsHs3DmiqX9xvgXUM2$Mnp+BHEl03IW2aoqicN0sfsE006Iq+kagSyqhSTgKCQ=",
            "last_login": "2022-03-31T15:30:40.648Z",
            "is_superuser": false,
            "username": "jdoes",
            "first_name": "John",
            "last_name": "Doe",
            "email": "jdoe@test.com",
            "is_staff": false,
            "is_active": true,
            "date_joined": "2022-02-24T19:34:23Z",
            "groups": [],
            "user_permissions": []
        }
    },
    {
        "model": "auth.user",
        "pk": 11,
        "fields": {
            "password": "pbkdf2_sha256$260000$iZj7bFKlvzB3J3lgOZTSS4$aawg69UqFHMDAg5+43X32I4wk+48FF+raVLO0Fry3Dk=",
            "last_login": "2022-03-02T23:53:59.435Z",
            "is_superuser": false,
            "username": "jlennon",
            "first_name": "John",
            "last_name": "Lennon",
            "email": "jlennon@beatles.com",
            "is_staff": false,
            "is_active": true,
            "date_joined": "2022-03-02T23:53:57.922Z",
            "groups": [],
            "user_permissions": []
        }
    },
    {
        "model": "auth.user",
        "pk": 12,
        "fields": {
            "password": "pbkdf2_sha256$260000$QzMe4PXe30aA6K9OqXHxZJ$iP3IcA+zH1Itt8NWnnJdHTdvgWNm52DNUBK3wLpuOcs=",
            "last_login": "2022-03-28T12:25:52.693Z",
            "is_superuser": false,
            "username": "gcolin",
            "first_name": "Giselle",
            "last_name": "Colin",
            "email": "gcolin@test.com",
            "is_staff": false,
            "is_active": true,
            "date_joined": "2022-03-12T14:23:21.906Z",
            "groups": [],
            "user_permissions": []
        }
    },
    {
        "model": "auth.user",
        "pk": 14,
        "fields": {
            "password": "pbkdf2_sha256$260000$5xWpNPQmmZINi2zKWUuFrT$CkRro3CA6GwoBepDbA2Dw5DXCyAyMK8rUbRFW0Ty9kg=",
            "last_login": "2022-03-18T03:01:58.726Z",
            "is_superuser": false,
            "username": "luismi",
            "first_name": "Luis",
            "last_name": "Miguel",
            "email": "luis@miguel.com",
            "is_staff": false,
            "is_active": true,
            "date_joined": "2022-03-18T02:18:36.848Z",
            "groups": [],
            "user_permissions": []
        }
    },
    {
        "model": "auth.user",
        "pk": 15,
        "fields": {
            "password": "pbkdf2_sha256$260000$v1tGLtO3mCuBaDBwrwxgAm$UuQJcyVGf80LrgWRoijSCI5w4xTyDG7QuyxBL62D4j0=",
            "last_login": null,
            "is_superuser": false,
            "username": "alpacino",
            "first_name": "Al",
            "last_name": "Pacino",
            "email": "al@pacino.com",
            "is_staff": false,
            "is_active": true,
            "date_joined": "2022-03-29T18:51:46Z",
            "groups": [],
            "user_permissions": []
        }
    },
    {
        "model": "auth.user",
        "pk": 16,
        "fields": {
            "password": "pbkdf2_sha256$260000$rMikUXqgytfaP3bq8ipT6E$8/IwfpU/Hhh6WHmYBqkulekb8qVfrFJt2zqJwS8lUig=",
            "last_login": null,
            "is_superuser": false,
            "username": "alovelace",
            "first_name": "Ada",
            "last_name": "Lovelace",
            "email": "alovelace@test.com",
            "is_staff": false,
            "is_active": true,
            "date_joined": "2022-03-29T20:38:24Z",
            "groups": [],
            "user_permissions": []
        }
    },
    {
        "model": "auth.user",
        "pk": 17,
        "fields": {
            "password": "pbkdf2_sha256$260000$nWJDxlo0HQ1DpF0DwlQBLS$drGpuwOMUEDqF+giY0dDPQMehm7boW6v+VVb6XbPX2M=",
            "last_login": null,
            "is_superuser": false,
            "username": "alfred.barnes",
            "first_name": "Alfred",
            "last_name": "Barnes",
            "email": "alfred.barnes@kikkerland.com",
            "is_staff": false,
            "is_active": true,
            "date_joined": "2022-03-29T20:50:01Z",
            "groups": [],
            "user_permissions": []
        }
    },
    {
        "model": "auth.user",
        "pk": 19,
        "fields": {
            "password": "pbkdf2_sha256$260000$EW4eBKaHMGb6c8VGTQMEYD$PlKOu0TnlWeQcrqKCnyjpxD4ybFUF/tVTGq0dNMJfXY=",
            "last_login": null,
            "is_superuser": false,
            "username": "mcalderon",
            "first_name": "Miguel",
            "last_name": "Caldern",
            "email": "miguel@calderon.com",
            "is_staff": false,
            "is_active": true,
            "date_joined": "2022-05-13T11:28:05Z",
            "groups": [],
            "user_permissions": []
        }
    },
    {
        "model": "contenttypes.contenttype",
        "pk": 1,
        "fields": {
            "app_label": "admin",
            "model": "logentry"
        }
    },
    {
        "model": "contenttypes.contenttype",
        "pk": 2,
        "fields": {
            "app_label": "auth",
            "model": "permission"
        }
    },
    {
        "model": "contenttypes.contenttype",
        "pk": 3,
        "fields": {
            "app_label": "auth",
            "model": "group"
        }
    },
    {
        "model": "contenttypes.contenttype",
        "pk": 4,
        "fields": {
            "app_label": "auth",
            "model": "user"
        }
    },
    {
        "model": "contenttypes.contenttype",
        "pk": 5,
        "fields": {
            "app_label": "contenttypes",
            "model": "contenttype"
        }
    },
    {
        "model": "contenttypes.contenttype",
        "pk": 6,
        "fields": {
            "app_label": "sessions",
            "model": "session"
        }
    },
    {
        "model": "contenttypes.contenttype",
        "pk": 7,
        "fields": {
            "app_label": "project",
            "model": "project"
        }
    },
    {
        "model": "contenttypes.contenttype",
        "pk": 8,
        "fields": {
            "app_label": "project",
            "model": "tag"
        }
    },
    {
        "model": "contenttypes.contenttype",
        "pk": 9,
        "fields": {
            "app_label": "project",
            "model": "review"
        }
    },
    {
        "model": "contenttypes.contenttype",
        "pk": 10,
        "fields": {
            "app_label": "developer",
            "model": "developer"
        }
    },
    {
        "model": "contenttypes.contenttype",
        "pk": 11,
        "fields": {
            "app_label": "developer",
            "model": "skill"
        }
    },
    {
        "model": "contenttypes.contenttype",
        "pk": 12,
        "fields": {
            "app_label": "developer",
            "model": "message"
        }
    },
    {
        "model": "sessions.session",
        "pk": "22kk9m5bsngu0r5ex25bqjbxuhaf33vb",
        "fields": {
            "session_data": ".eJxVjDsOwjAQRO_iGllKHBsvJT1nsLw7GxJAtpRPhbg7iZQCqpHmvZm3SXldhrTOOqUR5mIac_rtOMtTyw7wyOVerdSyTCPbXbEHne2tQl_Xw_07GPI8bGtFH5mjeIAbBhyBXGjVkaPYRuq5O8MrAnwnvUoTxBHnbkuSgGA-XxtBORU:1nRz7S:BnCRdB6Eo-xuvETMMZPMBspMnE-rK-SMcn1NLQwkY8I",
            "expire_date": "2022-03-23T16:24:58.709Z"
        }
    },
    {
        "model": "sessions.session",
        "pk": "3ofc1qlchqpteb0y1r2spv2uefmprfvc",
        "fields": {
            "session_data": ".eJxVjMEOwiAQRP-FsyEFuqV49N5vILvAStXQpLQn479bkh70NjPvZd7C475lv9e0-jmKq9Di8rsRhmcqDcQHlvsiw1K2dSbZFHnSKqclptftdP8OMtbcbiOhNYadDgz90RSAAsIjpw6VGYfBsNYu9GycBcaRiC12DnREdiQ-X95cN_4:1nZwky:XOVtjx2W3JUc_ZorwpXPtka7hQJsk_KeZqgNtCd20Jw",
            "expire_date": "2022-04-14T15:30:40.664Z"
        }
    },
    {
        "model": "sessions.session",
        "pk": "636pd6l4t1fayjuo85me6ve908tgunj1",
        "fields": {
            "session_data": ".eJxVjDsOwjAQRO_iGllKHBsvJT1nsLw7GxJAtpRPhbg7iZQCqpHmvZm3SXldhrTOOqUR5mIac_rtOMtTyw7wyOVerdSyTCPbXbEHne2tQl_Xw_07GPI8bGtFH5mjeIAbBhyBXGjVkaPYRuq5O8MrAnwnvUoTxBHnbkuSgGA-XxtBORU:1nOnoH:V6JVfFg4yZGMQKDeL5nygJJFK-czlakbWbTZDWXB4Mc",
            "expire_date": "2022-03-14T21:44:01.683Z"
        }
    },
    {
        "model": "sessions.session",
        "pk": "9y1nc5vwkv7h1xjlntqmq3w4wlwht41d",
        "fields": {
            "session_data": ".eJxVjDsOwjAQRO_iGllKHBsvJT1nsLw7GxJAtpRPhbg7iZQCqpHmvZm3SXldhrTOOqUR5mIac_rtOMtTyw7wyOVerdSyTCPbXbEHne2tQl_Xw_07GPI8bGtFH5mjeIAbBhyBXGjVkaPYRuq5O8MrAnwnvUoTxBHnbkuSgGA-XxtBORU:1nUq7c:gjHFSPnTwYdO-ldcwJoimAjYRtF2E1jYfLZqEecCNss",
            "expire_date": "2022-03-31T13:24:56.668Z"
        }
    },
    {
        "model": "sessions.session",
        "pk": "cexjqzw3bjuyjefjatrn0xs9e2n6vlud",
        "fields": {
            "session_data": ".eJxVjDsOwjAQRO_iGllKHBsvJT1nsLw7GxJAtpRPhbg7iZQCqpHmvZm3SXldhrTOOqUR5mIac_rtOMtTyw7wyOVerdSyTCPbXbEHne2tQl_Xw_07GPI8bGtFH5mjeIAbBhyBXGjVkaPYRuq5O8MrAnwnvUoTxBHnbkuSgGA-XxtBORU:1nNg7v:8FkiicdteVNHkErml4926LHBq8L79dkNEgU1uhWR0hE",
            "expire_date": "2022-03-11T19:19:39.164Z"
        }
    },
    {
        "model": "sessions.session",
        "pk": "ero8wuk9gb94k2rr4i5gujiztqvh5w65",
        "fields": {
            "session_data": ".eJxVjDsOwjAQRO_iGllKHBsvJT1nsLw7GxJAtpRPhbg7iZQCqpHmvZm3SXldhrTOOqUR5mIac_rtOMtTyw7wyOVerdSyTCPbXbEHne2tQl_Xw_07GPI8bGtFH5mjeIAbBhyBXGjVkaPYRuq5O8MrAnwnvUoTxBHnbkuSgGA-XxtBORU:1nTkgV:KjX0Xs8MK2Xs7NFg40BDJUieKxcNV0RvkUTuR4UDe8A",
            "expire_date": "2022-03-28T13:24:27.742Z"
        }
    },
    {
        "model": "sessions.session",
        "pk": "euc0uij0pe34b63c3645pyjw5qxkwz1f",
        "fields": {
            "session_data": ".eJxVjDsOwjAQRO_iGllKHBsvJT1nsLw7GxJAtpRPhbg7iZQCqpHmvZm3SXldhrTOOqUR5mIac_rtOMtTyw7wyOVerdSyTCPbXbEHne2tQl_Xw_07GPI8bGtFH5mjeIAbBhyBXGjVkaPYRuq5O8MrAnwnvUoTxBHnbkuSgGA-XxtBORU:1nNQFU:8sItAJxB8gJF291apUT0UdV7oyL9trOJBJmHSHTUYb0",
            "expire_date": "2022-03-11T02:22:24.441Z"
        }
    },
    {
        "model": "sessions.session",
        "pk": "gde6jx2t5dnpqcidu7fdbfob1t8tjrl0",
        "fields": {
            "session_data": ".eJxVjEEOwiAQRe_C2pARGKku3fcMZIYBqRpISrsy3l2bdKHb_977LxVoXUpYe5rDJOqijurwuzHFR6obkDvVW9Ox1WWeWG-K3mnXY5P0vO7u30GhXr61Q2MRsvVD9g4SEEcPidAMmBGAnGOUyFaYLZ2j52zIeMgR3YkFRb0_2FM4Rg:1nZXWI:w8EnelN6xSgxWed4Lowuw8gLEDyeE15uWJ4tcgPDOcI",
            "expire_date": "2022-04-13T12:33:50.277Z"
        }
    },
    {
        "model": "sessions.session",
        "pk": "itws8qj8kbanzzcfjsh30a0a3lzlyehw",
        "fields": {
            "session_data": ".eJxVjEEOwiAQRe_C2pARGKku3fcMZIYBqRpISrsy3l2bdKHb_977LxVoXUpYe5rDJOqijurwuzHFR6obkDvVW9Ox1WWeWG-K3mnXY5P0vO7u30GhXr61Q2MRsvVD9g4SEEcPidAMmBGAnGOUyFaYLZ2j52zIeMgR3YkFRb0_2FM4Rg:1naGIo:6awbf6_NnfUagISTIpDTPFhbrBrvWmUM6xC3Tq8m2lg",
            "expire_date": "2022-04-15T12:22:54.006Z"
        }
    },
    {
        "model": "sessions.session",
        "pk": "j15sezk046a75b6oqlxk1y58vf7lkyjz",
        "fields": {
            "session_data": ".eJxVjDsOwjAQRO_iGllKHBsvJT1nsLw7GxJAtpRPhbg7iZQCqpHmvZm3SXldhrTOOqUR5mIac_rtOMtTyw7wyOVerdSyTCPbXbEHne2tQl_Xw_07GPI8bGtFH5mjeIAbBhyBXGjVkaPYRuq5O8MrAnwnvUoTxBHnbkuSgGA-XxtBORU:1nUTuI:r5O3od-Y2dzu6tSL4_dsQjdC8Vv1wDtVhbLW2dobuu8",
            "expire_date": "2022-03-30T13:41:42.779Z"
        }
    },
    {
        "model": "sessions.session",
        "pk": "jgnysqm3h3capw94h8shqx8ijpdbg2cq",
        "fields": {
            "session_data": ".eJxVjDsOwjAQRO_iGllKHBsvJT1nsLw7GxJAtpRPhbg7iZQCqpHmvZm3SXldhrTOOqUR5mIac_rtOMtTyw7wyOVerdSyTCPbXbEHne2tQl_Xw_07GPI8bGtFH5mjeIAbBhyBXGjVkaPYRuq5O8MrAnwnvUoTxBHnbkuSgGA-XxtBORU:1nSI3l:w5lMPjALpdgcDqXEedFQuuG0V2RMkskwdKvpwA16w1c",
            "expire_date": "2022-03-24T12:38:25.823Z"
        }
    },
    {
        "model": "sessions.session",
        "pk": "koyu1h1scwn5np847yohu10nzv6tycd3",
        "fields": {
            "session_data": ".eJxVjDsOwjAQRO_iGllKHBsvJT1nsLw7GxJAtpRPhbg7iZQCqpHmvZm3SXldhrTOOqUR5mIac_rtOMtTyw7wyOVerdSyTCPbXbEHne2tQl_Xw_07GPI8bGtFH5mjeIAbBhyBXGjVkaPYRuq5O8MrAnwnvUoTxBHnbkuSgGA-XxtBORU:1nSOGD:vK15Fqt7SxYUq2gm_pQyXJm9JMHZROdT8bQdgE1_6zA",
            "expire_date": "2022-03-24T19:15:41.883Z"
        }
    },
    {
        "model": "sessions.session",
        "pk": "kstosfb26k2yiu6r4xd8on0to3f62wec",
        "fields": {
            "session_data": ".eJxVjEEOwiAQRe_C2pARGKku3fcMZIYBqRpISrsy3l2bdKHb_977LxVoXUpYe5rDJOqijurwuzHFR6obkDvVW9Ox1WWeWG-K3mnXY5P0vO7u30GhXr61Q2MRsvVD9g4SEEcPidAMmBGAnGOUyFaYLZ2j52zIeMgR3YkFRb0_2FM4Rg:1nZGiX:EF4UF4J5ZnnOmugDGTC7bR2BAOdy6f5FPvXj21nQ1bs",
            "expire_date": "2022-04-12T18:37:21.535Z"
        }
    },
    {
        "model": "sessions.session",
        "pk": "qpbnph9es1cschr8304ozs299q5d5ph3",
        "fields": {
            "session_data": ".eJxVjDsOwyAQBe9CHSE-xkDK9D4DWnYhOIlAMnYV5e6xJRdJ-2bmvVmAbS1h62kJM7Er8-zyu0XAZ6oHoAfUe-PY6rrMkR8KP2nnU6P0up3u30GBXvbaWTMiKC00RKWdBA9kLEmZB4kZtBfWRhqSgEwqe40oHUoVR7VrBjz7fAHijDf4:1nPGDt:JmM93jIbDNGLBWauYoK46lOd0eRhW1Gh-Zfgb0VelRI",
            "expire_date": "2022-03-16T04:04:21.420Z"
        }
    },
    {
        "model": "sessions.session",
        "pk": "szyd0lceq80yn9q01v9unycohq1n8sqv",
        "fields": {
            "session_data": ".eJxVjEEOwiAQRe_C2pARGKku3fcMZIYBqRpISrsy3l2bdKHb_977LxVoXUpYe5rDJOqijurwuzHFR6obkDvVW9Ox1WWeWG-K3mnXY5P0vO7u30GhXr61Q2MRsvVD9g4SEEcPidAMmBGAnGOUyFaYLZ2j52zIeMgR3YkFRb0_2FM4Rg:1nXjEi:lbJmElk2MlKxKAULmkzkEsQ1cdgp-QUuPnM9sDHRRD8",
            "expire_date": "2022-04-08T12:40:12.206Z"
        }
    },
    {
        "model": "sessions.session",
        "pk": "uwwxkfvqywu5e7s9e17v9z03z3hapf61",
        "fields": {
            "session_data": ".eJxVjEEOwiAQRe_C2pARGKku3fcMZIYBqRpISrsy3l2bdKHb_977LxVoXUpYe5rDJOqijurwuzHFR6obkDvVW9Ox1WWeWG-K3mnXY5P0vO7u30GhXr61Q2MRsvVD9g4SEEcPidAMmBGAnGOUyFaYLZ2j52zIeMgR3YkFRb0_2FM4Rg:1nZtgv:faWidFlL-T3XblCDikaFq2_dfN_RrN8oXQIVFstimoQ",
            "expire_date": "2022-04-14T12:14:17.691Z"
        }
    },
    {
        "model": "sessions.session",
        "pk": "vecem0yn3nyjqbpfy51t9n9ef7mv6cwb",
        "fields": {
            "session_data": ".eJxVjEEOwiAQRe_C2pARGKku3fcMZIYBqRpISrsy3l2bdKHb_977LxVoXUpYe5rDJOqijurwuzHFR6obkDvVW9Ox1WWeWG-K3mnXY5P0vO7u30GhXr61Q2MRsvVD9g4SEEcPidAMmBGAnGOUyFaYLZ2j52zIeMgR3YkFRb0_2FM4Rg:1nYpAY:gVIXJC7BdFirly3dgDuBFxgjvrDdyieXuf-aKqiZhBE",
            "expire_date": "2022-04-11T13:12:26.210Z"
        }
    },
    {
        "model": "sessions.session",
        "pk": "vmjbcyzupqnihu6sn2ps3t4xstyvk4ap",
        "fields": {
            "session_data": ".eJxVjDsOwjAQRO_iGllKHBsvJT1nsLw7GxJAtpRPhbg7iZQCqpHmvZm3SXldhrTOOqUR5mIac_rtOMtTyw7wyOVerdSyTCPbXbEHne2tQl_Xw_07GPI8bGtFH5mjeIAbBhyBXGjVkaPYRuq5O8MrAnwnvUoTxBHnbkuSgGA-XxtBORU:1nNJqM:-EJjDOpA20NISBztMdZiUn1hBbUcw3GAa3u03KRBwGo",
            "expire_date": "2022-03-10T19:32:02.295Z"
        }
    },
    {
        "model": "sessions.session",
        "pk": "yeeg8o8ai5vjkphf6ozasi2dje9ogwq1",
        "fields": {
            "session_data": ".eJxVjDsOwjAQRO_iGllKHBsvJT1nsLw7GxJAtpRPhbg7iZQCqpHmvZm3SXldhrTOOqUR5mIac_rtOMtTyw7wyOVerdSyTCPbXbEHne2tQl_Xw_07GPI8bGtFH5mjeIAbBhyBXGjVkaPYRuq5O8MrAnwnvUoTxBHnbkuSgGA-XxtBORU:1nV36J:3AILUELP7fYef0g_c-lseQP7CJn_GQ5STet1OEPBtTs",
            "expire_date": "2022-04-01T03:16:27.037Z"
        }
    },
    {
        "model": "sessions.session",
        "pk": "ym7fgwv92nk26orozqp6f7tjxbsiwj53",
        "fields": {
            "session_data": ".eJxVjDsOwjAQRO_iGllKHBsvJT1nsLw7GxJAtpRPhbg7iZQCqpHmvZm3SXldhrTOOqUR5mIac_rtOMtTyw7wyOVerdSyTCPbXbEHne2tQl_Xw_07GPI8bGtFH5mjeIAbBhyBXGjVkaPYRuq5O8MrAnwnvUoTxBHnbkuSgGA-XxtBORU:1nP1jw:ocgvJ4FL1YpdhyUaEermEyvzlhNfNeqv0NpzUTyZC6Y",
            "expire_date": "2022-03-15T12:36:28.938Z"
        }
    },
    {
        "model": "project.project",
        "pk": "1a6ef2f1-25ac-4ef6-801f-803959d5e0f9",
        "fields": {
            "owner": "b2b75a1e-cc45-43dd-86e1-705ffecfcf68",
            "title": "Ecommerce Website",
            "description": "Fully functional ecommerce website",
            "featured_image": "django-react-course.jpg",
            "demo_link": null,
            "source_link": null,
            "vote_total": 4,
            "vote_ratio": 75,
            "created": "2022-02-24T20:08:02.894Z",
            "tags": [
                "c4d61b9a-66c4-430b-aab2-cef4cb79bdc0",
                "d6e3a8d9-98af-4b7b-979e-dc506b71e1a5"
            ]
        }
    },
    {
        "model": "project.project",
        "pk": "323ad1fa-0463-4923-aa33-050cc219a9fc",
        "fields": {
            "owner": "b2b75a1e-cc45-43dd-86e1-705ffecfcf68",
            "title": "Code Sniper",
            "description": "Lorem ipsum dolor sit amet  adipisicing elit. Provident ducimus illo laboriosam tempora modi, placeat, tenetur ipsum eligendi et nisi nam est autem",
            "featured_image": "codesniper.png",
            "demo_link": null,
            "source_link": null,
            "vote_total": 1,
            "vote_ratio": 100,
            "created": "2022-02-24T22:16:13.421Z",
            "tags": [
                "aba4c4da-26ab-4cee-9b88-65bfad7e100d"
            ]
        }
    },
    {
        "model": "project.project",
        "pk": "7f1172dc-670c-461a-b87d-146ccaa11ca4",
        "fields": {
            "owner": "7642fcf8-6110-4e4f-8724-ec35bf7499a0",
            "title": "Unicorfee",
            "description": "A personal website to write articles and display work",
            "featured_image": "unicrorn_fee.PNG",
            "demo_link": null,
            "source_link": null,
            "vote_total": 2,
            "vote_ratio": 50,
            "created": "2022-02-25T19:50:27.521Z",
            "tags": [
                "aba4c4da-26ab-4cee-9b88-65bfad7e100d"
            ]
        }
    },
    {
        "model": "project.project",
        "pk": "a32be469-c5d7-461d-9c14-f23846f2f616",
        "fields": {
            "owner": "b2b75a1e-cc45-43dd-86e1-705ffecfcf68",
            "title": "Mumble Social Network",
            "description": "An open source project built by the community",
            "featured_image": "mumble.PNG",
            "demo_link": "mumble.com",
            "source_link": null,
            "vote_total": 1,
            "vote_ratio": 100,
            "created": "2022-02-24T20:08:26.658Z",
            "tags": [
                "00cc98f3-6c0d-4b1c-9520-7d0003d0fb84",
                "aba4c4da-26ab-4cee-9b88-65bfad7e100d",
                "c4d61b9a-66c4-430b-aab2-cef4cb79bdc0",
                "d6e3a8d9-98af-4b7b-979e-dc506b71e1a5"
            ]
        }
    },
    {
        "model": "project.project",
        "pk": "ab9fa9b3-343b-48f6-ae60-71f516810e78",
        "fields": {
            "owner": "7642fcf8-6110-4e4f-8724-ec35bf7499a0",
            "title": "Portfolio Website",
            "description": "Lorem ipsum dolor sit amet consectetur adipisicing elit. Provident ducimus illo laboriosam tempora modi, placeat, tenetur ipsum eligendi et nisi nam est autem rem dignissimos",
            "featured_image": "portfolio.PNG",
            "demo_link": null,
            "source_link": null,
            "vote_total": 2,
            "vote_ratio": 100,
            "created": "2022-02-24T20:08:09.430Z",
            "tags": [
                "aba4c4da-26ab-4cee-9b88-65bfad7e100d",
                "c4d61b9a-66c4-430b-aab2-cef4cb79bdc0"
            ]
        }
    },
    {
        "model": "project.project",
        "pk": "b08f51d4-26c4-47e3-81d3-7e07b5696382",
        "fields": {
            "owner": "b2b75a1e-cc45-43dd-86e1-705ffecfcf68",
            "title": "Yoga Fire",
            "description": "Lorem ipsum dolor sit amet consectetur adipisicing elit. Provident ducimus illo laboriosam tempora modi, placeat, tenetur ipsum eligendi et nisi nam est autem rem dignissimos deserunt",
            "featured_image": "yogavive.png",
            "demo_link": null,
            "source_link": null,
            "vote_total": 2,
            "vote_ratio": 100,
            "created": "2022-02-24T22:16:29.121Z",
            "tags": [
                "5d121824-877d-4939-8095-37ba28aefb97",
                "62fa036c-2421-49cf-a7e9-551c6226b331",
                "d6e3a8d9-98af-4b7b-979e-dc506b71e1a5"
            ]
        }
    },
    {
        "model": "project.project",
        "pk": "b7dd89bb-831f-4ff4-84b6-8c7ce4adb0ec",
        "fields": {
            "owner": "7642fcf8-6110-4e4f-8724-ec35bf7499a0",
            "title": "Jazz Central",
            "description": "Jazz is a web application used to manage orders from multiple channels (e.g. Call Center, Mail, Web) and operate the order life cycle from start to finish. Additionally, Jazz has complete warehouse and labor management features used to operate the daily activities of entire fulfillment centers.",
            "featured_image": "Screenshot_from_2022-02-25_16-18-30.png",
            "demo_link": "https://fbflurry-uat01.jazz-oms.com/",
            "source_link": "https://bitbucket.org/snowfalltech/piano/src/master/",
            "vote_total": 1,
            "vote_ratio": 100,
            "created": "2022-02-25T02:52:48.631Z",
            "tags": [
                "00cc98f3-6c0d-4b1c-9520-7d0003d0fb84",
                "aba4c4da-26ab-4cee-9b88-65bfad7e100d",
                "c4d61b9a-66c4-430b-aab2-cef4cb79bdc0"
            ]
        }
    },
    {
        "model": "project.project",
        "pk": "dda72e2a-bbff-4c18-9528-9168bb2885d7",
        "fields": {
            "owner": "67d497c5-a941-49e1-85d4-75f66493f27d",
            "title": "Slack",
            "description": "Slack is a new way to communicate with your team. It's faster, better organized, and more secure than email.",
            "featured_image": "Screenshot_from_2022-03-09_10-26-26_xxeJz41.png",
            "demo_link": "https://slack.com/",
            "source_link": null,
            "vote_total": 1,
            "vote_ratio": 100,
            "created": "2022-03-22T12:35:49.626Z",
            "tags": [
                "00cc98f3-6c0d-4b1c-9520-7d0003d0fb84",
                "d6e3a8d9-98af-4b7b-979e-dc506b71e1a5"
            ]
        }
    },
    {
        "model": "project.project",
        "pk": "ff611941-4b55-4ab7-997c-6e784084a76d",
        "fields": {
            "owner": "3872b6f0-56f6-4b10-8b94-43ba0c42a4fa",
            "title": "Outlook",
            "description": "",
            "featured_image": "Screenshot_from_2022-03-02_17-12-56_V5A8l5T.png",
            "demo_link": null,
            "source_link": null,
            "vote_total": 1,
            "vote_ratio": 100,
            "created": "2022-03-02T23:55:02.873Z",
            "tags": [
                "d6e3a8d9-98af-4b7b-979e-dc506b71e1a5"
            ]
        }
    },
    {
        "model": "project.review",
        "pk": "1c51c1a5-8d6c-484d-ac43-577793f76624",
        "fields": {
            "developer": "b2b75a1e-cc45-43dd-86e1-705ffecfcf68",
            "project": "a32be469-c5d7-461d-9c14-f23846f2f616",
            "body": null,
            "value": "up",
            "created": "2022-03-28T13:08:07.404Z"
        }
    },
    {
        "model": "project.review",
        "pk": "21b39a10-ba0b-4aa8-b0cb-1363d28064cd",
        "fields": {
            "developer": "b2b75a1e-cc45-43dd-86e1-705ffecfcf68",
            "project": "dda72e2a-bbff-4c18-9528-9168bb2885d7",
            "body": "Great idea!",
            "value": "up",
            "created": "2022-03-22T12:36:29.948Z"
        }
    },
    {
        "model": "project.review",
        "pk": "39dcff71-fe4d-44f3-b2c5-a4d6cdf62b7e",
        "fields": {
            "developer": "b2b75a1e-cc45-43dd-86e1-705ffecfcf68",
            "project": "ff611941-4b55-4ab7-997c-6e784084a76d",
            "body": "Needs rework.",
            "value": "up",
            "created": "2022-03-16T13:25:48.665Z"
        }
    },
    {
        "model": "project.review",
        "pk": "75df460c-ddc8-417c-b870-bcc6998eff4a",
        "fields": {
            "developer": "ccee6aea-3cfd-4954-b7f5-11e666fae45c",
            "project": "7f1172dc-670c-461a-b87d-146ccaa11ca4",
            "body": "",
            "value": "down",
            "created": "2022-03-18T02:46:04.056Z"
        }
    },
    {
        "model": "project.review",
        "pk": "7aaa78a5-8b11-4693-910c-24507863c82f",
        "fields": {
            "developer": "3872b6f0-56f6-4b10-8b94-43ba0c42a4fa",
            "project": "1a6ef2f1-25ac-4ef6-801f-803959d5e0f9",
            "body": "Cool project\r\nLorem ipsum dolor sit amet consectetur adipisicing elit. Provident ducimus illo laboriosam tempora modi, placeat, tenetur ipsum eligendi et nisi nam est autem rem dignissimos deserunt officia impedit iste namur?",
            "value": "up",
            "created": "2022-02-24T22:12:41.988Z"
        }
    },
    {
        "model": "project.review",
        "pk": "7e3822da-7eef-4d8c-875c-f9ffae6f0b31",
        "fields": {
            "developer": "b2b75a1e-cc45-43dd-86e1-705ffecfcf68",
            "project": "b7dd89bb-831f-4ff4-84b6-8c7ce4adb0ec",
            "body": "",
            "value": "up",
            "created": "2022-03-18T02:53:38.960Z"
        }
    },
    {
        "model": "project.review",
        "pk": "905fb1bc-1833-4f1a-829f-2742691ef5ba",
        "fields": {
            "developer": "b2b75a1e-cc45-43dd-86e1-705ffecfcf68",
            "project": "b08f51d4-26c4-47e3-81d3-7e07b5696382",
            "body": null,
            "value": "up",
            "created": "2022-03-29T18:15:17.267Z"
        }
    },
    {
        "model": "project.review",
        "pk": "a691bd5e-466b-4f6c-b4dd-971ff6363bc3",
        "fields": {
            "developer": "ccee6aea-3cfd-4954-b7f5-11e666fae45c",
            "project": "b7dd89bb-831f-4ff4-84b6-8c7ce4adb0ec",
            "body": "",
            "value": "up",
            "created": "2022-03-18T02:48:49.643Z"
        }
    },
    {
        "model": "project.review",
        "pk": "b9f8b945-9cd9-41c7-9c0f-dc71bc190ca6",
        "fields": {
            "developer": "b2b75a1e-cc45-43dd-86e1-705ffecfcf68",
            "project": "7f1172dc-670c-461a-b87d-146ccaa11ca4",
            "body": "Awesome colours!",
            "value": "up",
            "created": "2022-03-16T13:26:48.536Z"
        }
    },
    {
        "model": "project.review",
        "pk": "c30e5222-4489-42cb-af97-bc18d6b2cae4",
        "fields": {
            "developer": "b2b75a1e-cc45-43dd-86e1-705ffecfcf68",
            "project": "323ad1fa-0463-4923-aa33-050cc219a9fc",
            "body": null,
            "value": "up",
            "created": "2022-03-28T13:08:30.393Z"
        }
    },
    {
        "model": "project.review",
        "pk": "ca35c340-e484-448f-a9c8-901bfa0e1fba",
        "fields": {
            "developer": "67d497c5-a941-49e1-85d4-75f66493f27d",
            "project": "1a6ef2f1-25ac-4ef6-801f-803959d5e0f9",
            "body": "",
            "value": "up",
            "created": "2022-02-24T22:56:56.990Z"
        }
    },
    {
        "model": "project.review",
        "pk": "d8f3d538-9d53-49c7-8930-08748619e179",
        "fields": {
            "developer": "b2b75a1e-cc45-43dd-86e1-705ffecfcf68",
            "project": "ab9fa9b3-343b-48f6-ae60-71f516810e78",
            "body": "",
            "value": "up",
            "created": "2022-03-18T02:50:25.314Z"
        }
    },
    {
        "model": "project.review",
        "pk": "e571e377-11e4-4f09-ad2d-c92c7cecd46d",
        "fields": {
            "developer": "b2b75a1e-cc45-43dd-86e1-705ffecfcf68",
            "project": "1a6ef2f1-25ac-4ef6-801f-803959d5e0f9",
            "body": "Test",
            "value": "up",
            "created": "2022-03-16T13:13:03.586Z"
        }
    },
    {
        "model": "project.review",
        "pk": "e9a4af98-d344-4a95-a3f4-90d1b512e092",
        "fields": {
            "developer": "7642fcf8-6110-4e4f-8724-ec35bf7499a0",
            "project": "1a6ef2f1-25ac-4ef6-801f-803959d5e0f9",
            "body": "",
            "value": "down",
            "created": "2022-02-24T22:57:05.220Z"
        }
    },
    {
        "model": "project.review",
        "pk": "eceb1769-3417-4029-aeb5-ffe5d750f731",
        "fields": {
            "developer": "ccee6aea-3cfd-4954-b7f5-11e666fae45c",
            "project": "b08f51d4-26c4-47e3-81d3-7e07b5696382",
            "body": "Reminds me of Dhalsim.",
            "value": "up",
            "created": "2022-03-18T03:15:12.975Z"
        }
    },
    {
        "model": "project.review",
        "pk": "fbb066ee-44f8-430b-9af7-61b855317d49",
        "fields": {
            "developer": "ccee6aea-3cfd-4954-b7f5-11e666fae45c",
            "project": "ab9fa9b3-343b-48f6-ae60-71f516810e78",
            "body": "",
            "value": "up",
            "created": "2022-03-18T02:55:53.435Z"
        }
    },
    {
        "model": "project.tag",
        "pk": "00cc98f3-6c0d-4b1c-9520-7d0003d0fb84",
        "fields": {
            "name": "JavaScript",
            "created": "2022-02-24T22:11:33.585Z"
        }
    },
    {
        "model": "project.tag",
        "pk": "5d121824-877d-4939-8095-37ba28aefb97",
        "fields": {
            "name": "HTML",
            "created": "2022-03-30T12:58:36.806Z"
        }
    },
    {
        "model": "project.tag",
        "pk": "62fa036c-2421-49cf-a7e9-551c6226b331",
        "fields": {
            "name": "AWS",
            "created": "2022-03-30T12:58:36.772Z"
        }
    },
    {
        "model": "project.tag",
        "pk": "aba4c4da-26ab-4cee-9b88-65bfad7e100d",
        "fields": {
            "name": "Python",
            "created": "2022-02-24T22:11:28.336Z"
        }
    },
    {
        "model": "project.tag",
        "pk": "c4d61b9a-66c4-430b-aab2-cef4cb79bdc0",
        "fields": {
            "name": "Django",
            "created": "2022-02-24T22:11:24.319Z"
        }
    },
    {
        "model": "project.tag",
        "pk": "d6e3a8d9-98af-4b7b-979e-dc506b71e1a5",
        "fields": {
            "name": "React",
            "created": "2022-02-24T22:11:20.950Z"
        }
    },
    {
        "model": "project.tag",
        "pk": "de89820f-4943-4d17-8970-349c14a92dbb",
        "fields": {
            "name": "Azure",
            "created": "2022-04-01T12:41:07.097Z"
        }
    },
    {
        "model": "developer.developer",
        "pk": "3872b6f0-56f6-4b10-8b94-43ba0c42a4fa",
        "fields": {
            "user": 11,
            "name": "John Lennon",
            "email": "jlennon@beatles.com",
            "username": "jlennon",
            "location": "UK",
            "short_intro": "I am devloper",
            "bio": "Contrary to popular belief, Lorem Ipsum is not simply random text. It has roots in a piece of classical Latin literature from 45 BC, making it over 2000 years old. Richard McClintock, a Latin professor at Hampden-Sydney College in Virginia",
            "profile_image": "",
            "social_github": null,
            "social_twitter": null,
            "social_linkedin": null,
            "social_youtube": null,
            "social_website": null,
            "social_stackoverflow": null,
            "created": "2022-03-02T23:53:59.292Z"
        }
    },
    {
        "model": "developer.developer",
        "pk": "655b1f49-458d-4af8-8625-c5a1d80da968",
        "fields": {
            "user": 17,
            "name": "Alfred Barnes",
            "email": "alfred.barnes@kikkerland.com",
            "username": "alfred.barnes",
            "location": "Cambridge, MA",
            "short_intro": "Fullstack Developer",
            "bio": "Fullstack rainbow maker and tea infuser robot",
            "profile_image": "profiles/user-1.jpg",
            "social_github": "https://github.com/robbieaverill",
            "social_twitter": null,
            "social_linkedin": null,
            "social_youtube": null,
            "social_website": "https://www.netlify.com/blog/2020/07/09/create-a-fully-fledged-jamstack-commerce-store-with-commerce.js-and-netlify/",
            "social_stackoverflow": null,
            "created": "2022-03-29T20:50:02.570Z"
        }
    },
    {
        "model": "developer.developer",
        "pk": "67d497c5-a941-49e1-85d4-75f66493f27d",
        "fields": {
            "user": 12,
            "name": "Giselle Colin",
            "email": "gcolin@test.com",
            "username": "gcolin",
            "location": "Qro",
            "short_intro": "Junior dev",
            "bio": "I build new projects just to tickle my brain and love teaching others how they're made. While I keep busy teaching courses, I still take interviews in search of a great team & projects that interest me.",
            "profile_image": "profiles/download_20210608_101831.jpg",
            "social_github": null,
            "social_twitter": null,
            "social_linkedin": null,
            "social_youtube": null,
            "social_website": "https://www.giselle.com",
            "social_stackoverflow": null,
            "created": "2022-03-12T14:23:22.054Z"
        }
    },
    {
        "model": "developer.developer",
        "pk": "6b542ac2-7a2e-4bc8-8aa1-0a89cd86d5ad",
        "fields": {
            "user": 15,
            "name": "Al Pacino",
            "email": "al@pacino.com",
            "username": "alpacino",
            "location": "East Harlem, New York",
            "short_intro": "Bckend developer",
            "bio": "American backend developer, actor and filmmaker.",
            "profile_image": "profiles/al.jpeg",
            "social_github": null,
            "social_twitter": null,
            "social_linkedin": null,
            "social_youtube": null,
            "social_website": "https://en.wikipedia.org/wiki/Al_Pacino",
            "social_stackoverflow": null,
            "created": "2022-03-29T18:51:46.951Z"
        }
    },
    {
        "model": "developer.developer",
        "pk": "6dfb2361-499a-4d24-8abe-aa5a9371592c",
        "fields": {
            "user": 19,
            "name": "Miguel Caldern",
            "email": "miguel@calderon.com",
            "username": "mcalderon",
            "location": "BA, Argentina",
            "short_intro": "Web developer",
            "bio": "Web developer who creates great websites and great courses with valuable content, programming learning resources designed particularly for people with no previous programming experience.",
            "profile_image": "profiles/me.jpg",
            "social_github": null,
            "social_twitter": null,
            "social_linkedin": null,
            "social_youtube": null,
            "social_website": "https://www.google.com",
            "social_stackoverflow": null,
            "created": "2022-05-13T11:28:05.318Z"
        }
    },
    {
        "model": "developer.developer",
        "pk": "7642fcf8-6110-4e4f-8724-ec35bf7499a0",
        "fields": {
            "user": 2,
            "name": "John Doe",
            "email": "jdoe@test.com",
            "username": "jdoes",
            "location": "Alaska, USA",
            "short_intro": "JavaScript developer",
            "bio": "I'm a full stack web developer who probably spends too much time coding. A core contribute to the Mumble project and online instructor.",
            "profile_image": "profiles/element.jpg",
            "social_github": null,
            "social_twitter": null,
            "social_linkedin": "https://www.linkedin.com/in/ACoAAAcuDqYBo_Ow7R4idxoC1Eco1FxQkmlPgyQ/?lipi=urn%3Ali%3Apage%3Ad_flagship3_feed%3B6V5ec2yDR5K953Qwk%2F8W4g%3D%3D",
            "social_youtube": null,
            "social_website": "https://www.test.com",
            "social_stackoverflow": "https://stackoverflow.com/users/6313513/vijay",
            "created": "2022-02-28T21:45:05.331Z"
        }
    },
    {
        "model": "developer.developer",
        "pk": "8e974102-a295-4b2c-8e64-12b9a88c6bdd",
        "fields": {
            "user": 16,
            "name": "Ada Lovelace",
            "email": "alovelace@test.com",
            "username": "alovelace",
            "location": "London, England",
            "short_intro": "Countess of Lovelace programing",
            "bio": "Mathematician and writer, chiefly known for her work on Charles Babbage's proposed mechanical general-purpose computer, the Analytical Engine.",
            "profile_image": "profiles/2_JoaHlni.jpg",
            "social_github": null,
            "social_twitter": null,
            "social_linkedin": null,
            "social_youtube": null,
            "social_website": null,
            "social_stackoverflow": null,
            "created": "2022-03-29T20:38:24.540Z"
        }
    },
    {
        "model": "developer.developer",
        "pk": "b2b75a1e-cc45-43dd-86e1-705ffecfcf68",
        "fields": {
            "user": 1,
            "name": "Elas Torres",
            "email": "eliashhtorres@gmail.com",
            "username": "elias",
            "location": "Qro, Mexico",
            "short_intro": "Lead software developer",
            "bio": "I am a Full-Stack Developer.  I am currently learning, working my skills in web development. Open source enthusiast",
            "profile_image": "profiles/Screenshot_from_2017-09-27_10-13-09.png",
            "social_github": "https://github.com/eliashhtores/",
            "social_twitter": "https://twitter.com/POTUS",
            "social_linkedin": null,
            "social_youtube": null,
            "social_website": null,
            "social_stackoverflow": null,
            "created": "2022-02-28T22:02:02.051Z"
        }
    },
    {
        "model": "developer.developer",
        "pk": "ccee6aea-3cfd-4954-b7f5-11e666fae45c",
        "fields": {
            "user": 14,
            "name": "Luis Miguel",
            "email": "luis@miguel.com",
            "username": "luismi",
            "location": "Miami",
            "short_intro": "Frontend Developer",
            "bio": "UX/UI designer.",
            "profile_image": "profiles/1.jpg",
            "social_github": null,
            "social_twitter": null,
            "social_linkedin": null,
            "social_youtube": null,
            "social_website": null,
            "social_stackoverflow": null,
            "created": "2022-03-18T02:18:36.998Z"
        }
    },
    {
        "model": "developer.skill",
        "pk": "08260581-c698-4729-8acd-01a7783fdaec",
        "fields": {
            "developer": "b2b75a1e-cc45-43dd-86e1-705ffecfcf68",
            "name": "Node",
            "description": "",
            "created": "2022-03-12T13:40:29.202Z"
        }
    },
    {
        "model": "developer.skill",
        "pk": "1502f27f-8172-49a3-a542-03b1d564c092",
        "fields": {
            "developer": "7642fcf8-6110-4e4f-8724-ec35bf7499a0",
            "name": "UI",
            "description": "",
            "created": "2022-02-28T22:59:15.076Z"
        }
    },
    {
        "model": "developer.skill",
        "pk": "187be4be-a5e3-4503-ab04-f66801c227b5",
        "fields": {
            "developer": "6dfb2361-499a-4d24-8abe-aa5a9371592c",
            "name": "PHP",
            "description": "",
            "created": "2022-05-13T11:47:30.622Z"
        }
    },
    {
        "model": "developer.skill",
        "pk": "3b1a2478-a455-4328-b0d7-a6607e959f3a",
        "fields": {
            "developer": "655b1f49-458d-4af8-8625-c5a1d80da968",
            "name": "Next.js",
            "description": "Love building projects using Next.js and Commerce.js",
            "created": "2022-03-29T20:56:51.562Z"
        }
    },
    {
        "model": "developer.skill",
        "pk": "4cdf2c20-df9b-4539-9590-98431ceaee58",
        "fields": {
            "developer": "655b1f49-458d-4af8-8625-c5a1d80da968",
            "name": "JavaScript",
            "description": "",
            "created": "2022-03-29T20:57:20.560Z"
        }
    },
    {
        "model": "developer.skill",
        "pk": "51b14872-1add-4db0-b7a3-598d67c6ec0d",
        "fields": {
            "developer": "67d497c5-a941-49e1-85d4-75f66493f27d",
            "name": "Sleep",
            "description": "I can sleep all day",
            "created": "2022-03-12T14:24:38.404Z"
        }
    },
    {
        "model": "developer.skill",
        "pk": "552bd330-e968-440b-9555-e56d1a4229eb",
        "fields": {
            "developer": "b2b75a1e-cc45-43dd-86e1-705ffecfcf68",
            "name": "Django",
            "description": "I'm learning Django.",
            "created": "2022-02-28T22:55:42.283Z"
        }
    },
    {
        "model": "developer.skill",
        "pk": "56d3f902-fe84-4341-8bd6-2462e414296e",
        "fields": {
            "developer": "8e974102-a295-4b2c-8e64-12b9a88c6bdd",
            "name": "Algorithms",
            "description": "",
            "created": "2022-03-29T20:47:17.367Z"
        }
    },
    {
        "model": "developer.skill",
        "pk": "5b1fe097-5860-42d1-a243-15d21edd91f9",
        "fields": {
            "developer": "6b542ac2-7a2e-4bc8-8aa1-0a89cd86d5ad",
            "name": "Express",
            "description": "",
            "created": "2022-03-29T20:12:15.800Z"
        }
    },
    {
        "model": "developer.skill",
        "pk": "6ab61459-d643-413a-aa96-bb250bfaf49d",
        "fields": {
            "developer": "7642fcf8-6110-4e4f-8724-ec35bf7499a0",
            "name": "JavaScript",
            "description": "",
            "created": "2022-02-28T22:55:20.116Z"
        }
    },
    {
        "model": "developer.skill",
        "pk": "6b1ccc20-b6a7-4669-a157-a1011af1430f",
        "fields": {
            "developer": "3872b6f0-56f6-4b10-8b94-43ba0c42a4fa",
            "name": "Visual Basic",
            "description": "",
            "created": "2022-03-10T23:52:25.971Z"
        }
    },
    {
        "model": "developer.skill",
        "pk": "7c625483-e217-47c2-80ac-aac60bd8df3f",
        "fields": {
            "developer": "b2b75a1e-cc45-43dd-86e1-705ffecfcf68",
            "name": "Python",
            "description": "I like Python a lot!",
            "created": "2022-02-28T23:01:22.918Z"
        }
    },
    {
        "model": "developer.skill",
        "pk": "95a13109-2d32-4b98-9dbc-2ac0acc6db37",
        "fields": {
            "developer": "b2b75a1e-cc45-43dd-86e1-705ffecfcf68",
            "name": "Postgres",
            "description": "I worked with Postgres with 4 years",
            "created": "2022-03-10T12:46:36.421Z"
        }
    },
    {
        "model": "developer.skill",
        "pk": "b6ca18ba-a66b-4cca-ab13-3799e681209d",
        "fields": {
            "developer": "ccee6aea-3cfd-4954-b7f5-11e666fae45c",
            "name": "UX",
            "description": "UX designing.",
            "created": "2022-03-29T18:43:28.763Z"
        }
    },
    {
        "model": "developer.skill",
        "pk": "b8681d63-4391-4af3-a73e-d396cd51cf54",
        "fields": {
            "developer": "ccee6aea-3cfd-4954-b7f5-11e666fae45c",
            "name": "UI",
            "description": "",
            "created": "2022-03-29T18:44:32.476Z"
        }
    },
    {
        "model": "developer.skill",
        "pk": "bf82cf5c-d789-4f1b-996e-225fd022a54e",
        "fields": {
            "developer": "8e974102-a295-4b2c-8e64-12b9a88c6bdd",
            "name": "note G",
            "description": "",
            "created": "2022-03-29T20:46:31.450Z"
        }
    },
    {
        "model": "developer.skill",
        "pk": "c04b16bc-1632-47a9-a451-9b0c0274445d",
        "fields": {
            "developer": "7642fcf8-6110-4e4f-8724-ec35bf7499a0",
            "name": "Web design",
            "description": "",
            "created": "2022-02-28T22:55:55.929Z"
        }
    },
    {
        "model": "developer.skill",
        "pk": "defc9ae2-9d27-460d-9326-b57e5d7916ec",
        "fields": {
            "developer": "b2b75a1e-cc45-43dd-86e1-705ffecfcf68",
            "name": "JavaScript",
            "description": "",
            "created": "2022-03-01T12:39:29.961Z"
        }
    },
    {
        "model": "developer.skill",
        "pk": "e224a0fb-8017-43fa-ac77-18caaccda605",
        "fields": {
            "developer": "6b542ac2-7a2e-4bc8-8aa1-0a89cd86d5ad",
            "name": "Node",
            "description": "",
            "created": "2022-03-29T20:12:09.632Z"
        }
    },
    {
        "model": "developer.skill",
        "pk": "ed9f781a-40d1-4d18-950f-b55845dbc22a",
        "fields": {
            "developer": "3872b6f0-56f6-4b10-8b94-43ba0c42a4fa",
            "name": "Pascal",
            "description": "",
            "created": "2022-03-10T23:52:33.665Z"
        }
    },
    {
        "model": "developer.skill",
        "pk": "f3bbd9f2-804c-41f1-97c4-69c4e36a22e3",
        "fields": {
            "developer": "b2b75a1e-cc45-43dd-86e1-705ffecfcf68",
            "name": "React",
            "description": "I love React",
            "created": "2022-02-28T22:55:47.434Z"
        }
    },
    {
        "model": "developer.message",
        "pk": "67bcd865-820f-408f-a031-92321c9dd7fc",
        "fields": {
            "sender": "b2b75a1e-cc45-43dd-86e1-705ffecfcf68",
            "receiver": "7642fcf8-6110-4e4f-8724-ec35bf7499a0",
            "name": "Elas Torres",
            "email": "eliashhtorres@gmail.com",
            "subject": "How are things going?",
            "body": "Need to know how to start making contributions to HSA.",
            "is_read": false,
            "created": "2022-03-31T14:56:38.108Z"
        }
    },
    {
        "model": "developer.message",
        "pk": "89f119b5-fa9a-41a1-9722-141f435232fa",
        "fields": {
            "sender": null,
            "receiver": "b2b75a1e-cc45-43dd-86e1-705ffecfcf68",
            "name": "Pietr",
            "email": "p@test.com",
            "subject": "Yo",
            "body": "How are you?!",
            "is_read": true,
            "created": "2022-03-17T12:42:21.166Z"
        }
    },
    {
        "model": "developer.message",
        "pk": "90b8299f-667a-4d24-ad25-45c95de188fd",
        "fields": {
            "sender": "b2b75a1e-cc45-43dd-86e1-705ffecfcf68",
            "receiver": "67d497c5-a941-49e1-85d4-75f66493f27d",
            "name": "Elas Torres",
            "email": "elias@torres.com",
            "subject": "You're mean",
            "body": "And your pants are on fire.",
            "is_read": false,
            "created": "2022-03-17T13:28:54.241Z"
        }
    },
    {
        "model": "developer.message",
        "pk": "9378b2fb-55cd-47d0-a94c-032a5daa71e4",
        "fields": {
            "sender": "7642fcf8-6110-4e4f-8724-ec35bf7499a0",
            "receiver": "b2b75a1e-cc45-43dd-86e1-705ffecfcf68",
            "name": "John Doe",
            "email": "jdoes@test.com",
            "subject": "First message",
            "body": "Lorem ipsum dolor sit amet, consectetur adipiscing elit, sed do eiusmod tempor incididunt ut labore et dolore magna aliqua. Ut enim ad minim veniam, quis nostrud exercitation ullamco laboris nisi ut aliquip ex ea commodo consequat. Duis aute irure dolor in reprehenderit in voluptate velit esse cillum dolore eu fugiat nulla pariatur.",
            "is_read": true,
            "created": "2022-03-17T03:21:51.779Z"
        }
    },
    {
        "model": "developer.message",
        "pk": "a72068e7-19d6-4fe4-bc56-8bc71560648a",
        "fields": {
            "sender": null,
            "receiver": "b2b75a1e-cc45-43dd-86e1-705ffecfcf68",
            "name": "Gatina",
            "email": "gatina@home.com",
            "subject": "Miau",
            "body": "Miauuuuuuuuuuuu.",
            "is_read": true,
            "created": "2022-03-17T13:24:43.753Z"
        }
    },
    {
        "model": "developer.message",
        "pk": "bd0d6fec-8631-4833-9626-130b4aadebe0",
        "fields": {
            "sender": null,
            "receiver": "b2b75a1e-cc45-43dd-86e1-705ffecfcf68",
            "name": "Jane Doe",
            "email": "jdoe@testemail.com",
            "subject": "How are you?",
            "body": "Sed ut perspiciatis unde omnis iste natus error sit voluptatem accusantium doloremque laudantium, totam rem aperiam, eaque ipsa quae ab illo inventore veritatis et quasi architecto beatae vitae dicta sunt explicabo. Nemo enim ipsam voluptatem quia voluptas sit aspernatur aut odit aut fugit, sed quia consequuntur magni dolores eos qui ratione voluptatem sequi nesciunt.",
            "is_read": true,
            "created": "2022-03-17T03:22:32.669Z"
        }
    }
]